sequence_id	bgc_id	start	end	type
1001994.SAMN02470178.AFPU01000001	BGC0000001	806243	865563	Polyketide
1002804.SAMEA2272649.FR871757	BGC0000002	879863	1021405	Polyketide
1004.SAMN05661012.FPIZ01000011	BGC0000003	105096	142264	Polyketide
1004316.SAMN04029016.LJJE01000112	BGC0000004	152933	242574	Polyketide
1005928.SAMN04487859.FOVP01000002	BGC0000005	140951	158388	Polyketide
1008459.SAMN02602982.CP003059	BGC0000006	780547	868865	Polyketide
1009426.SAMN02441643.ARRL01000002	BGC0000007	135460	217971	Polyketide
1010.SAMN05192578.FNGK01000001	BGC0000008	859753	935582	Polyketide
1017273.SAMN05443094.FTLX01000005	BGC0000009	132014	207366	Polyketide
1017273.SAMN05443094.FTLX01000006	BGC0000010	152486	230750	Polyketide
102129.SAMN02256520.JH993795	BGC0000011	163893	223428	Polyketide
1026882.SAMN02469574.AFIG01000001	BGC0000012	1092483	1114454	Polyketide
1027249.SAMN05216179.FRCZ01000002	BGC0000013	227781	235630	Polyketide
1028.SAMN05661096.FXAW01000002	BGC0000014	263706	364414	Polyketide
1028.SAMN05661096.FXAW01000007	BGC0000015	137522	271547	Polyketide
1028.SAMN05661096.FXAW01000008	BGC0000016	131679	137490	Other
102891.SAMN03353435.LJPA01000001	BGC0000017	177964	206874	Alkaloid;Polyketide
1030157.SAMN02470047.AFMP01000040	BGC0000018	142652	185612	Polyketide
1030841.SAMN02299456.JH165159	BGC0000019	1181878	1199916	Polyketide
1032480.SAMD00061117.AP012204	BGC0000020	2747236	2829982	Polyketide
1033730.PRJEA82327.HE978636	BGC0000021	668214	783960	Polyketide
1033733.PRJEA70539.HE578907	BGC0000022	625502	666742	Polyketide
1033737.SAMEA2272503.HE611052	BGC0000023	218154	276654	Polyketide
1033738.PRJEA70549.HE578956	BGC0000024	449565	478697	Polyketide
1033741.SAMEA3246152.LN811351	BGC0000026	392164	430574	Saccharide
1033741.SAMEA3246152.LN811356	BGC0000027	231595	311595	Polyketide
1033741.SAMEA3246152.LN811360	BGC0000028	173015	247024	Polyketide
1033743.SAMEA2271960.HE610957	BGC0000029	884551	969610	Polyketide
1033743.SAMEA2271960.HE610958	BGC0000030	363529	381964	Polyketide
1033743.SAMEA2271960.HE610959	BGC0000031	415410	490197	Polyketide
1033743.SAMEA2271960.HE610961	BGC0000032	271133	339446	Polyketide
1033743.SAMEA2271960.HE610962	BGC0000033	169326	259674	Polyketide
1033802.SAMN02472183.AFNV02000001	BGC0000034	152743	290946	Polyketide
1033810.SAMN02472186.AFNU02000004	BGC0000035	161710	247625	Polyketide
1034346.PRJEA70545.HE578925	BGC0000036	214608	326576	Polyketide;Saccharide
1034346.PRJEA70545.HE578928	BGC0000037	161233	169054	Polyketide
1034347.PRJEA68337.HE978512	BGC0000038	361890	419777	Polyketide
1034347.PRJEA68337.HE978513	BGC0000039	331408	369639	Polyketide
1035195.SAMN02436928.KB290827	BGC0000040	141236	241128	Polyketide
1035195.SAMN02436928.KB290831	BGC0000041	444344	458746	Polyketide
1036181.SAMN05421756.FOFA01000002	BGC0000042	348505	454360	Polyketide
1036181.SAMN05421756.FOFA01000007	BGC0000043	150179	163479	Polyketide
1036181.SAMN05421756.FOFA01000008	BGC0000044	139047	160304	Polyketide
1036674.SAMN02469973.AFPO01000011	BGC0000045	160386	191386	Polyketide
1036674.SAMN02469973.AFPO01000021	BGC0000046	201946	226946	Polyketide
1038014.SAMN04487910.FOAB01000007	BGC0000047	186957	262396	Polyketide
1041504.SAMD00016607.AP012210	BGC0000048	776485	829314	Polyketide
1041939.SAMN02954344.GL947595	BGC0000049	673291	735700	Polyketide
104336.SAMN03256325.JYIU01000045	BGC0000050	162381	212495	Polyketide
1044.SAMN02737001.JMIW01000002	BGC0000051	138045	175105	Polyketide
1045775.SAMN05216378.FOMT01000003	BGC0000052	469351	631070	Polyketide
104663.SAMN04488121.FNBN01000002	BGC0000053	664710	727911	Polyketide
104663.SAMN04488121.FNBN01000009	BGC0000054	190113	251958	Polyketide
1046714.SAMN02472144.AMRX01000007	BGC0000055	282797	337409	Polyketide;Saccharide
1048340.SAMN05444487.FNNQ01000002	BGC0000056	132781	139470	Polyketide
1048983.SAMN02739847.JMIH01000023	BGC0000057	210614	237166	Polyketide
1049789.SAMN02436587.AHMO02000004	BGC0000058	352233	426554	Polyketide
1054996.SAMN05444414.FRBN01000002	BGC0000059	140769	221139	Polyketide
1054996.SAMN05444414.FRBN01000003	BGC0000060	147960	221537	Polyketide
1055723.SAMN05216293.FRAT01000004	BGC0000061	217935	356138	Polyketide
1055723.SAMN05216293.FRAT01000007	BGC0000062	125566	201220	Polyketide
1056495.SAMN02261426.CP003378	BGC0000063	772370	825697	Polyketide
1056816.SAMN02584923.JAFQ01000004	BGC0000064	3189462	3201319	Polyketide
1056820.SAMN02256427.KB900630	BGC0000065	115290	156881	Polyketide
1056820.SAMN02256427.KB900663	BGC0000066	135692	205336	Polyketide
1058.SAMN05421783.FNNZ01000002	BGC0000067	160046	235966	Polyketide
106592.SAMN03838273.LGAP01000003	BGC0000068	153529	181885	Polyketide
106649.SAMD00018638.BBRY01000005	BGC0000069	137565	200967	Polyketide
106654.SAMN06650244.CP020588	BGC0000070	1914124	1969124	Polyketide
1068975.SAMN02440712.KI421448	BGC0000072	130052	164957	Polyketide
1070130.SAMEA3725906.LN999832	BGC0000073	487049	594736	Polyketide
1071072.SAMN02469742.KI301975	BGC0000074	132063	219004	Polyketide
1071085.SAMN02469738.KK033114	BGC0000075	898583	975183	Polyketide
1073325.SAMN05444483.FQVT01000001	BGC0000076	401835	438110	Polyketide
1073325.SAMN05444483.FQVT01000003	BGC0000077	194370	237135	Polyketide
1073327.SAMN04488108.FRXN01000001	BGC0000078	704002	841959	Polyketide
1073328.SAMN05216294.FNKI01000001	BGC0000079	752555	832159	Polyketide
1075417.SAMN05421823.FNFO01000005	BGC0000080	226644	293967	Polyketide
107635.SAMN02597193.AZUO01000001	BGC0000081	1906634	2042054	Polyketide
1076414.SAMN04407485.LQXN01000061	BGC0000082	141937	249564	Polyketide
1076414.SAMN04407485.LQXN01000064	BGC0000083	197053	247596	Polyketide
1076414.SAMN04407485.LQXN01000066	BGC0000084	195313	298153	Polyketide
1076596.SAMN04396916.CP014687	BGC0000085	1502397	1570491	Polyketide
1077936.SAMN05421545.FTNM01000001	BGC0000086	681222	763181	Polyketide
1078085.SAMN02596733.KE150421	BGC0000087	1170486	1281413	Polyketide
1079859.SAMN04515674.FOXH01000005	BGC0000088	243420	255420	Polyketide
1079859.SAMN04515674.FOXH01000007	BGC0000089	140521	183849	Polyketide
1082704.SAMN04363613.LUTN01000003	BGC0000090	145586	246174	Polyketide
1085029.SAMN01940911.KE356581	BGC0000091	139526	171658	Polyketide
1088721.SAMN03002180.CP009291	BGC0000092	1919563	1967544	Polyketide
1088869.SAMN02470912.AGQV01000010	BGC0000093	177564	362814	Polyketide
1089455.SAMD00041798.BAFE01000089	BGC0000094	138482	176430	Polyketide;Saccharide
1089546.SAMN02261305.AQUI01000002	BGC0000095	2451564	2533877	Polyketide
1089547.SAMN02261300.KB913013	BGC0000096	3003913	3088341	Polyketide
108980.SAMD00020356.BBTT01000004	BGC0000097	109986	199343	Polyketide
108980.SAMD00020356.BBTT01000005	BGC0000098	128286	173286	Polyketide
1094508.SAMN02603686.CP003184	BGC0000099	1393914	1402018	Polyketide
1094980.SAMN00739943.CP003083	BGC0000100	1542513	1645963	Polyketide
1095026.SAMD00022569.BBRB01000001	BGC0000101	504818	510530	Polyketide
1095772.PRJEA82329.HE978641	BGC0000102	527913	586256	Polyketide
1101193.SAMN02746044.JUGF01000002	BGC0000103	739936	847154	Polyketide
1107311.SAMN03078693.JRLZ01000003	BGC0000104	262379	287865	Polyketide;Terpene
110935.SAMN03333328.JYFC01000003	BGC0000105	348787	481331	Polyketide
110935.SAMN03333328.JYFC01000006	BGC0000106	141379	247560	Polyketide
111015.SAMN04435863.CP014228	BGC0000107	1510249	1517068	Polyketide
1110509.SAMN02603883.CP003117	BGC0000108	1268173	1360074	Polyketide
1111479.SAMN02441451.AXAR01000003	BGC0000109	143048	223406	Polyketide
1111730.SAMN02441252.ATTM01000006	BGC0000110	163144	201509	Polyketide
1111737.SAMN02440599.ATYT01000007	BGC0000111	160192	193271	Polyketide
1112215.SAMN02470161.AHWA01000005	BGC0000112	247921	310537	Polyketide
1113895.SAMD00048769.BDAS01000005	BGC0000113	131050	172147	Polyketide
1114924.SAMN05216258.FOQH01000009	BGC0000114	140240	235940	Polyketide
1114964.SAMN02899865.KQ130473	BGC0000115	247331	370911	Polyketide;Saccharide
1116391.SAMN02603387.CP003235	BGC0000116	3853318	3979035	Polyketide
1117319.SAMN02470926.AHCE02000015	BGC0000117	131184	235510	Polyketide
1117319.SAMN02470926.AHCE02000050	BGC0000118	230568	273466	Polyketide
1117707.SAMEA18850168.FRFG01000019	BGC0000119	147198	233548	Other;Polyketide;Saccharide
1118057.PRJEA82079.HE978567	BGC0000120	306264	346481	Polyketide
1118059.PRJEA82277.HE978585	BGC0000121	730693	779823	Polyketide
1118060.PRJEA82083.HE978575	BGC0000122	352163	389002	Polyketide
1118202.SAMN05443429.FQYI01000002	BGC0000123	195745	271941	Polyketide
1120568.SAMN03785586.LGHT01000044	BGC0000124	258105	307525	Polyketide
1120746.SAMEA2602734.CCFG01000011	BGC0000125	226404	311389	Polyketide
1120746.SAMEA2602734.CCFG01000014	BGC0000126	121304	195646	Polyketide
1120918.SAMN05216249.FOJY01000001	BGC0000127	145995	179643	Polyketide
1120918.SAMN05216249.FOJY01000002	BGC0000128	126482	159282	Polyketide
1120919.SAMN02441211.AUBI01000001	BGC0000129	297860	320939	Polyketide
1120919.SAMN02441211.AUBI01000002	BGC0000130	193710	249365	Polyketide
1120920.SAMN03080599.FMWL01000003	BGC0000131	165106	171386	Polyketide
1120931.SAMN02441362.KB893930	BGC0000132	145838	165745	Polyketide
1120933.SAMN02441584.ATUY01000001	BGC0000133	166116	248454	Polyketide
1120934.SAMN02441015.KB894403	BGC0000134	169106	200438	Polyketide
1120936.SAMN02441315.KB907213	BGC0000135	213939	318792	Polyketide
1120937.SAMN02441154.KE384300	BGC0000136	346719	456247	Polyketide
1120946.SAMN02440611.AUBF01000006	BGC0000137	301716	393289	Polyketide
1120947.SAMN02441246.ATUX01000006	BGC0000138	210794	229849	Polyketide
1120948.SAMN02256421.KB903247	BGC0000140	142676	157676	Polyketide
1120949.SAMN02256449.KB903317	BGC0000141	219066	324723	Polyketide
1120951.SAMN02440880.AUBG01000002	BGC0000142	211347	293336	Polyketide
1120955.SAMN03080610.FMVW01000001	BGC0000143	527684	553493	Polyketide
1120958.SAMN02440814.AULD01000005	BGC0000144	405267	533228	Polyketide
1120965.SAMN02441202.AUBV01000009	BGC0000145	138532	171169	Polyketide
1120965.SAMN02441202.AUBV01000010	BGC0000146	127747	148747	Polyketide
1120983.SAMN02440442.KB894571	BGC0000147	412717	480240	Polyketide
1120984.SAMN02584918.JAFB01000013	BGC0000148	131002	211163	Polyketide
1120984.SAMN02584918.KI912602	BGC0000149	116593	207094	Polyketide
1120985.SAMN02441147.KE387170	BGC0000150	358774	418468	NRP;Polyketide
1120996.SAMN02746066.FRCP01000007	BGC0000151	162445	308445	Polyketide;Saccharide
1120996.SAMN02746066.FRCP01000009	BGC0000152	115827	175552	Polyketide
1120999.SAMN02745855.JONM01000005	BGC0000153	148279	215087	NRP;Polyketide
1121020.SAMN02743916.JIAG01000001	BGC0000154	187869	220004	Polyketide
1121022.SAMN02440406.AQWM01000003	BGC0000155	154407	208227	Polyketide
1121023.SAMN02440747.AXXR01000003	BGC0000156	174421	187696	Polyketide
1121028.SAMN02440500.ARQE01000001	BGC0000157	402908	473008	Polyketide
1121030.SAMN02441136.KE387209	BGC0000158	125926	204453	Polyketide
1121034.SAMN02440868.AUCG01000020	BGC0000159	230655	324705	Polyketide
1121090.SAMN02441018.KB894685	BGC0000160	378215	405308	Polyketide
1121090.SAMN02441018.KB894687	BGC0000161	152844	185603	Polyketide
1121091.SAMN02441478.AUMP01000001	BGC0000162	292389	400625	Polyketide
1121092.SAMN02440689.AUMQ01000016	BGC0000163	192695	362385	Polyketide
1121092.SAMN02440689.AUMQ01000022	BGC0000164	156609	269843	Polyketide
1121092.SAMN02440689.KE387240	BGC0000165	168995	251479	Polyketide
1121103.SAMN02769643.KK211040	BGC0000166	278014	321294	Polyketide
1121114.SAMN02441708.KB892660	BGC0000167	159237	223729	Polyketide
1121118.SAMN02743971.KK211205	BGC0000168	342183	393583	Polyketide
1121124.SAMN02841166.JNIX01000009	BGC0000170	212022	236020	Polyketide
1121130.SAMN02584930.KI912579	BGC0000171	131824	184404	Polyketide
1121271.SAMN02440622.AUCM01000004	BGC0000172	199295	247107	Polyketide
1121272.SAMN02256447.KB903251	BGC0000173	156381	223927	Polyketide
1121272.SAMN02256447.KB903292	BGC0000174	187932	260920	Polyketide
1121275.SAMN02440690.AUMS01000001	BGC0000175	274500	319967	Polyketide
1121275.SAMN02440690.AUMS01000004	BGC0000176	240004	309645	Other
1121278.SAMN02440887.ATZZ01000010	BGC0000177	273779	327115	Polyketide
1121278.SAMN02440887.KE386750	BGC0000178	147406	225646	Polyketide
1121279.SAMN02745887.FPKR01000001	BGC0000179	195380	291177	Polyketide
1121279.SAMN02745887.FPKR01000003	BGC0000180	172889	199755	Polyketide
1121279.SAMN02745887.FPKR01000004	BGC0000181	156915	211755	Other
1121285.SAMN02441523.AUFK01000017	BGC0000182	167732	242869	Polyketide
1121302.SAMN02745163.FQZB01000003	BGC0000183	209650	212381	Polyketide
1121302.SAMN02745163.FQZB01000004	BGC0000184	189345	337403	Polyketide
1121306.SAMN02745196.FQXP01000005	BGC0000185	239515	289762	Polyketide
1121307.SAMN03794733.LFVU01000024	BGC0000186	159845	246405	NRP;Polyketide
1121307.SAMN03794733.LFVU01000026	BGC0000187	153780	217702	Polyketide
1121316.SAMN02745207.FQXM01000002	BGC0000188	242405	280011	Alkaloid
1121319.SAMN02743370.JMLJ01000003	BGC0000189	318955	327078	Polyketide
1121322.SAMN02745136.FRAC01000012	BGC0000190	125139	153852	Polyketide
1121325.SAMN04515677.FNGW01000002	BGC0000191	292877	318760	Polyketide
1121326.SAMN04621187.LWAE01000002	BGC0000192	657863	673018	Polyketide
1121326.SAMN04621187.LWAE01000003	BGC0000193	389873	404680	Polyketide
1121334.SAMN02441299.KB911066	BGC0000194	335332	356615	Polyketide
1121334.SAMN02441299.KB911070	BGC0000195	123142	154172	Polyketide
1121345.SAMN02745217.FRFD01000008	BGC0000196	158135	168129	Polyketide
1121345.SAMN02745217.FRFD01000011	BGC0000197	117146	153082	Polyketide;Saccharide
1121352.SAMN02743966.JHZP01000001	BGC0000198	528788	566813	Polyketide;Saccharide
1121355.SAMN02256419.KB903377	BGC0000199	221474	262368	Polyketide;Saccharide
1121356.SAMN02256507.AQUW01000001	BGC0000200	404168	436133	Polyketide;Saccharide
1121356.SAMN02256507.AQUW01000004	BGC0000201	130932	159460	Polyketide;Saccharide
1121373.SAMN02256446.KB903663	BGC0000202	124662	175055	Polyketide
1121373.SAMN02256446.KB903664	BGC0000203	124011	172416	Polyketide
1121374.SAMN02440427.KB891575	BGC0000204	520913	538393	Polyketide
1121383.SAMN02440753.AXWT01000001	BGC0000205	123241	133352	Polyketide
1121383.SAMN02440753.KI519502	BGC0000206	114444	151564	Polyketide
1121393.SAMN02745216.FQZU01000002	BGC0000207	181015	198555	Polyketide
1121394.SAMN02440872.AUCU01000004	BGC0000208	141914	180659	Polyketide
1121395.SAMN02745215.FRDN01000006	BGC0000209	244016	285544	Polyketide
1121398.SAMN02691716.JQKJ01000002	BGC0000210	147177	189251	Polyketide;Saccharide
1121399.SAMN02441472.AULM01000002	BGC0000211	207503	242157	Polyketide
1121400.SAMN02746065.FWXY01000003	BGC0000212	153391	188508	Polyketide
1121404.SAMN02441536.KE387006	BGC0000213	138389	184927	Polyketide
1121409.SAMN02745124.FQXS01000002	BGC0000214	106147	120227	Polyketide
1121413.SAMN02743346.JMKT01000008	BGC0000215	389559	395028	Polyketide
1121420.SAMN02746098.FQXJ01000003	BGC0000216	397065	447754	Polyketide
1121433.SAMN02743957.KK211185	BGC0000217	149388	157477	Polyketide
1121438.SAMN02841169.JNJA01000006	BGC0000218	126533	135270	Polyketide
1121440.SAMN02440804.AUMA01000006	BGC0000219	158714	182915	Polyketide;Saccharide
1121440.SAMN02440804.AUMA01000009	BGC0000220	126334	148845	Polyketide
1121442.SAMN02745702.FUYA01000005	BGC0000221	138617	159616	Polyketide
1121445.SAMN02440572.ATUZ01000011	BGC0000222	413611	456637	Polyketide
1121445.SAMN02440572.ATUZ01000013	BGC0000223	191101	257999	Polyketide
1121447.SAMN02745701.JONL01000001	BGC0000224	439455	472519	Polyketide
1121448.SAMN02603429.CP006585	BGC0000225	1857435	1882741	Polyketide
1121449.SAMN02745704.FUYC01000001	BGC0000226	250682	284528	Polyketide
1121453.SAMN02441548.AUBP01000001	BGC0000227	267311	306561	Polyketide
1121453.SAMN02441548.AUBP01000002	BGC0000228	211838	217658	Polyketide
1121453.SAMN02441548.AUBP01000006	BGC0000229	125722	167631	Polyketide;Saccharide
1121453.SAMN02441548.KE386878	BGC0000230	205110	242015	Polyketide
1121456.SAMN02441247.ATVA01000012	BGC0000231	229786	235150	Polyketide
1121457.SAMN02745161.FSRG01000004	BGC0000232	397350	432277	Polyketide
1121462.SAMN02441200.AUBQ01000004	BGC0000233	251651	297254	Polyketide
1121472.SAMN02440407.AQWN01000002	BGC0000234	148735	155799	Polyketide
1121479.SAMN02440615.AUBS01000001	BGC0000235	289696	311021	Polyketide
1121482.SAMN02441320.KB907789	BGC0000236	553508	588072	Polyketide
1121483.SAMN02841160.JNJB01000008	BGC0000237	227104	239811	Polyketide
1121859.SAMN02441711.KB890756	BGC0000238	183395	244903	Polyketide
1121867.SAMN02743982.JHZA01000007	BGC0000239	239198	273842	Polyketide;Saccharide
1121887.SAMN02440860.AUDK01000003	BGC0000240	134576	210217	Polyketide;Saccharide
1121891.SAMN02441177.KE383905	BGC0000241	148789	211020	Polyketide;Saccharide
1121895.SAMN02441333.KB899972	BGC0000242	127577	170779	Polyketide
1121898.SAMN02441179.AUGP01000018	BGC0000243	188547	204380	Polyketide
1121898.SAMN02441179.KE383909	BGC0000244	704814	714843	Polyketide
1121902.SAMN02440687.AUMD01000012	BGC0000245	233336	269538	Polyketide
1121904.SAMN02256418.KB903430	BGC0000246	472795	491772	Polyketide
1121904.SAMN02256418.KB903509	BGC0000247	163608	205982	Polyketide;Saccharide
1121904.SAMN02256418.KB903520	BGC0000248	161516	167016	Polyketide
1121914.SAMN02440633.KE384431	BGC0000249	164525	177162	Polyketide
1121918.SAMN02441294.ARWE01000001	BGC0000250	2068984	2104681	Polyketide;Saccharide
1121920.SAMN02441206.KE386810	BGC0000251	381560	397580	Polyketide
1121921.SAMN02441352.KB898706	BGC0000252	603215	618774	Polyketide
1121922.SAMN02440876.KE386814	BGC0000253	338875	363595	Polyketide
1121924.SAMN02440580.ATWH01000001	BGC0000254	218856	244078	Polyketide
1121924.SAMN02440580.ATWH01000006	BGC0000255	148468	158468	Polyketide
1121924.SAMN02440580.ATWH01000007	BGC0000256	122398	159498	Polyketide
1121929.SAMN02441353.KB898666	BGC0000257	154422	203447	Polyketide
1121935.SAMN02440417.AQXX01000144	BGC0000258	133911	158966	Polyketide
1121938.SAMN02441195.AUDY01000011	BGC0000259	178426	203260	Polyketide
1121940.SAMN02440634.AUDZ01000013	BGC0000260	205933	241672	Polyketide
1121946.SAMN02440609.AUAX01000001	BGC0000261	291154	308354	Polyketide
1121946.SAMN02440609.AUAX01000003	BGC0000262	278992	333034	Polyketide;Saccharide
1121946.SAMN02440609.AUAX01000014	BGC0000263	143637	176438	Polyketide
1121946.SAMN02440609.KE386822	BGC0000264	169675	186337	Polyketide
1121948.SAMN02440888.AUAC01000002	BGC0000265	578814	591784	Polyketide
1121952.SAMN02440591.ATXT01000011	BGC0000266	345220	377854	Polyketide
1121953.SAMN02441650.KB907801	BGC0000267	113450	150098	Polyketide;Saccharide
1121955.SAMN02745146.FQYN01000003	BGC0000268	293067	370617	Polyketide
1121957.SAMN02441588.ATVL01000008	BGC0000269	475499	528772	Other;Polyketide;Saccharide
1122129.SAMN02441182.AUEF01000001	BGC0000270	263020	302448	Polyketide
1122130.SAMN02441507.AUHN01000006	BGC0000271	241259	252377	Polyketide
1122131.SAMN02441508.KE383991	BGC0000272	766420	775347	Polyketide
1122133.SAMN02745157.FQUP01000001	BGC0000273	961214	1004091	Polyketide;Saccharide
1122135.SAMN02441694.KB893134	BGC0000274	474671	509181	Polyketide
1122135.SAMN02441694.KB893157	BGC0000275	178631	191754	Polyketide
1122138.SAMN02256503.AQUZ01000003	BGC0000276	150641	181557	Polyketide;Saccharide
1122138.SAMN02256503.AQUZ01000005	BGC0000277	146327	158117	Polyketide
1122138.SAMN02256503.AQUZ01000006	BGC0000278	145324	150732	Polyketide
1122150.SAMN02369505.AZEV01000035	BGC0000279	243272	295527	Polyketide
1122152.SAMN02440851.KE384473	BGC0000280	189651	195684	Polyketide
1122158.SAMN02441384.AQXU01000024	BGC0000281	175102	183239	Polyketide
1122159.SAMN02745246.FQUN01000003	BGC0000282	245261	247874	Polyketide
1122159.SAMN02745246.FQUN01000005	BGC0000283	139457	185658	Other
1122159.SAMN02745246.FQUN01000007	BGC0000284	180960	192909	Polyketide
1122159.SAMN02745246.FQUN01000008	BGC0000285	126787	137911	Polyketide;Saccharide
1122180.SAMN02951862.KK088652	BGC0000286	198096	217558	Polyketide
1122182.SAMN02256442.KB903814	BGC0000287	304790	322190	NRP
1122189.SAMN02745165.FQZT01000003	BGC0000288	181559	262512	NRP
1122190.SAMN02743975.KK211213	BGC0000289	153674	242827	NRP;Saccharide
1122191.SAMN02743978.JHZC01000007	BGC0000290	180413	249714	NRP
1122192.SAMN02745673.FUWS01000004	BGC0000291	185513	312446	NRP
1122200.SAMN02952989.JHVJ01000004	BGC0000292	133721	161344	NRP
1122202.SAMN02440466.KB899092	BGC0000293	154786	167551	NRP
1122204.SAMN05421781.FNNC01000004	BGC0000294	132799	165235	NRP
1122204.SAMN05421781.FNNC01000005	BGC0000295	137154	150295	NRP
1122206.SAMN02745753.FQVF01000003	BGC0000296	189689	255775	NRP
1122206.SAMN02745753.FQVF01000005	BGC0000297	149296	180745	NRP;Polyketide;Saccharide
1122206.SAMN02745753.FQVF01000007	BGC0000298	131484	156885	NRP
1122207.SAMN02597439.JAMB01000002	BGC0000299	135300	174738	NRP
1122211.SAMN02743374.JMLW01000001	BGC0000300	154652	189890	NRP
1122212.SAMN02440684.AULO01000008	BGC0000301	191183	215132	NRP
1122223.SAMN02441032.KB890698	BGC0000302	129842	166042	NRP
1122225.SAMN02441142.AULQ01000001	BGC0000303	298732	331882	NRP
1122233.SAMN02746094.KL543983	BGC0000304	120768	183932	NRP
1122236.SAMN02440991.KB905141	BGC0000305	683526	723956	NRP
1122238.SAMN02440686.AULR01000001	BGC0000306	281176	311787	NRP
1122239.SAMN02440801.AULS01000002	BGC0000307	231510	267193	NRP
1122240.SAMN02952990.JHVK01000003	BGC0000308	165405	173256	NRP
1122247.SAMN02256416.KB903841	BGC0000309	122528	142123	NRP
1122252.SAMN05660443.FOLH01000003	BGC0000310	280845	329619	NRP
1122252.SAMN05660443.FOLH01000005	BGC0000311	132149	198818	NRP
1122599.SAMN02440650.KE383915	BGC0000312	143070	184275	NRP
1122603.SAMN02440574.ATVI01000010	BGC0000313	132632	166107	NRP
1122605.SAMN02441376.KB893626	BGC0000314	295862	329730	NRP;Polyketide
1122605.SAMN02441376.KB893646	BGC0000315	161372	244244	NRP
1122607.SAMN02441524.KE384531	BGC0000316	299840	343981	NRP
1122615.SAMN02441519.KE383931	BGC0000317	345902	372783	NRP
1122617.SAMN02440652.AUGW01000003	BGC0000318	184536	190307	NRP
1122622.SAMN02441240.ATWJ01000010	BGC0000319	159679	194131	NRP
1122623.SAMN02441165.AUGX01000009	BGC0000320	174636	210500	NRP
1122623.SAMN02441165.AUGX01000013	BGC0000321	140419	184398	NRP
1122623.SAMN02441165.KE383943	BGC0000322	263217	335402	NRP
1122916.SAMN02441144.AULU01000003	BGC0000323	284777	317930	NRP
1122916.SAMN02441144.KE383837	BGC0000324	348377	373498	NRP
1122916.SAMN02441144.KE383838	BGC0000325	199383	222009	NRP
1122917.SAMN02440993.KB899661	BGC0000326	272648	328620	NRP
1122917.SAMN02440993.KB899665	BGC0000327	223201	252344	NRP
1122918.SAMN02441316.KB907248	BGC0000328	129117	135614	NRP
1122920.SAMN02441473.KE383842	BGC0000329	944686	966224	NRP
1122921.SAMN02441001.KB898188	BGC0000330	178647	215009	NRP
1122921.SAMN02441001.KB898192	BGC0000331	165120	196713	NRP
1122926.SAMN02440680.AULE01000031	BGC0000332	129788	161668	NRP
1122926.SAMN02440680.KE384308	BGC0000333	202504	249981	NRP
1122927.SAMN02440446.KB895413	BGC0000334	393380	435960	NRP
1122927.SAMN02440446.KB895414	BGC0000335	351633	389142	NRP
1122927.SAMN02440446.KB895415	BGC0000336	220410	347969	NRP
1122927.SAMN02440446.KB895418	BGC0000337	181696	287894	NRP
1122939.SAMN02440564.ATUD01000007	BGC0000338	127881	295687	NRP
1122940.SAMN02440721.AXVK01000001	BGC0000339	308962	354562	NRP
1122940.SAMN02440721.KI519436	BGC0000340	158971	177710	NRP
1122940.SAMN02440721.KI519438	BGC0000341	116213	232213	NRP
1122946.SAMN02744830.JOMG01000001	BGC0000342	296456	307390	NRP
1122951.SAMN02440565.ATUE01000007	BGC0000343	133427	167481	NRP
1122963.SAMN02440654.AUHB01000003	BGC0000344	235722	301010	NRP
1122967.SAMN02441712.KB890767	BGC0000345	182727	208510	NRP;Polyketide
1122976.SAMN02440769.KI535307	BGC0000346	167428	197358	NRP;Polyketide
1122978.SAMN02440641.KE384540	BGC0000347	149617	173430	NRP
1122992.SAMEA2272439.HG417090	BGC0000348	254809	274188	NRP
1122998.SAMN02440839.KE384019	BGC0000349	193139	217284	NRP
1122999.SAMN02440659.KE384020	BGC0000350	506547	541939	NRP
1123008.SAMN02440983.KB905697	BGC0000351	168289	183512	NRP
1123010.SAMN02745724.FOLO01000001	BGC0000352	146640	172871	NRP
1123013.SAMN02441498.AUIC01000004	BGC0000353	247587	276319	NRP
1123023.SAMN02743958.JIAI01000001	BGC0000354	877598	948418	NRP
1123023.SAMN02743958.JIAI01000005	BGC0000355	252276	277088	NRP
1123023.SAMN02743958.JIAI01000008	BGC0000356	198097	225805	Alkaloid;NRP
1123025.SAMN02441208.KE386837	BGC0000357	182081	200617	NRP
1123029.SAMN02745172.FRXO01000001	BGC0000358	529581	562261	NRP
1123036.SAMN02440766.AXWP01000008	BGC0000359	196595	220754	NRP
1123055.SAMN02745773.KL544005	BGC0000360	753080	808731	NRP
1123059.SAMN02440387.KB823011	BGC0000361	671356	671973	NRP
1123059.SAMN02440387.KB823012	BGC0000362	255435	326721	NRP
1123060.SAMN02745777.JONP01000005	BGC0000363	133306	173289	NRP
1123062.SAMN02745775.FOSQ01000006	BGC0000364	186844	226916	NRP
1123065.SAMN02440902.ATWL01000001	BGC0000365	247181	314410	NRP
1123065.SAMN02440902.ATWL01000002	BGC0000366	197632	234474	NRP
1123069.SAMN02469744.KE557322	BGC0000367	212164	273516	NRP
1123070.SAMN02441342.KB899247	BGC0000368	154210	180688	NRP
1123072.SAMN02440628.AUDH01000003	BGC0000369	138265	205564	NRP;Saccharide
1123073.SAMN02441343.KB899242	BGC0000370	556871	597719	NRP
1123077.SAMN02440771.AXVJ01000025	BGC0000371	192220	214749	NRP
1123077.SAMN02440771.KI519428	BGC0000372	161412	183676	NRP
1123226.SAMN02441675.KB899279	BGC0000373	136639	154957	NRP
1123228.SAMN02440661.AUIH01000001	BGC0000374	133837	185336	NRP
1123234.SAMN02440676.KE384221	BGC0000375	230859	240316	NRP
1123239.SAMN02441685.KB898625	BGC0000376	207577	251250	NRP
1123240.SAMN02441589.ATVO01000003	BGC0000377	286059	316597	NRP
1123240.SAMN02441589.ATVO01000004	BGC0000378	225309	281390	NRP
1123240.SAMN02441589.ATVO01000006	BGC0000379	175004	263916	NRP
1123241.SAMN02440642.AUFT01000001	BGC0000380	305967	386142	NRP;Polyketide
1123242.SAMN02469369.JH636436	BGC0000381	524358	563217	NRP
1123248.SAMN02440437.KB893326	BGC0000382	194507	213907	NRP
1123248.SAMN02440437.KB893348	BGC0000383	161103	179452	NRP;Polyketide
1123250.SAMN02440984.KB908379	BGC0000384	167421	184421	NRP
1123252.SAMN02441224.ATZF01000002	BGC0000385	164971	315034	NRP
1123255.SAMN02743894.JHYS01000001	BGC0000387	207549	218652	NRP
1123256.SAMN02440980.KB907928	BGC0000388	163484	211684	NRP
1123257.SAMN02440644.KE384553	BGC0000389	200408	224656	NRP
1123258.SAMN02441385.AQXZ01000016	BGC0000391	190668	204899	NRP
1123258.SAMN02441385.AQXZ01000017	BGC0000392	319783	347500	NRP
1123261.SAMN02440774.AXDW01000001	BGC0000393	283870	331788	NRP;Polyketide
1123261.SAMN02440774.KI440836	BGC0000394	239239	291216	NRP
1123261.SAMN02440774.KI440838	BGC0000395	143151	176602	NRP
1123262.SAMN02440825.AUIK01000016	BGC0000396	175272	189560	NRP
1123262.SAMN02440825.AUIK01000020	BGC0000397	112133	146461	NRP
1123262.SAMN02440825.KE384069	BGC0000398	355063	400439	NRP
1123265.SAMN02743379.JMLD01000005	BGC0000399	256348	303368	NRP
1123267.SAMN02691714.JONN01000001	BGC0000400	1040328	1092884	NRP
1123269.SAMN02641489.CP006644	BGC0000401	3007065	3019947	NRP
1123270.SAMN02441583.ATUR01000002	BGC0000402	382968	420248	NRP
1123270.SAMN02441583.ATUR01000004	BGC0000403	213106	253912	NRP
1123276.SAMN02441024.KB893246	BGC0000404	276955	333775	NRP
1123276.SAMN02441024.KB893268	BGC0000405	148751	208248	NRP
1123277.SAMN02441375.KB893173	BGC0000406	269823	307646	NRP
1123277.SAMN02441375.KB893174	BGC0000407	137106	186229	NRP
1123277.SAMN02441375.KB893228	BGC0000408	154886	195926	NRP
1123277.SAMN02441375.KB893243	BGC0000409	127751	182265	NRP
1123282.SAMN02745823.FQXV01000004	BGC0000410	149255	165266	NRP
1123284.SAMN02440464.KB899045	BGC0000411	162746	209592	NRP
1123288.SAMN02469826.ASXP01000003	BGC0000412	493271	508294	NRP
1123303.SAMN02256504.AQVD01000001	BGC0000413	261915	436969	NRP
1123308.SAMN02256436.KB904539	BGC0000414	153737	202506	NRP
1123309.SAMN02441724.AQYB01000033	BGC0000415	384808	421376	NRP
1123313.SAMN02440905.ATUT01000001	BGC0000416	174247	189584	NRP
1123323.SAMN05216245.FONL01000001	BGC0000417	212025	224101	NRP
1123356.SAMN02440863.AUDS01000010	BGC0000418	115602	195795	NRP
1123362.SAMN05660686.FNBW01000003	BGC0000419	213367	282077	NRP;Saccharide
1123362.SAMN05660686.FNBW01000009	BGC0000420	113941	134600	NRP
1123367.SAMN02743986.KK211256	BGC0000421	194129	212103	NRP
1123380.SAMN02745199.FQXN01000002	BGC0000422	175937	238741	NRP
1123380.SAMN02745199.FQXN01000003	BGC0000423	140493	170513	NRP
1123384.SAMN02584724.CP007141	BGC0000424	1067445	1109597	NRP
1123393.SAMN02441034.KB891317	BGC0000425	159917	229716	NRP
1123397.SAMN05660831.FOMJ01000002	BGC0000426	125112	136770	NRP
1123401.SAMN02743987.JHYQ01000002	BGC0000427	123884	130345	NRP
1123404.SAMN02745784.FQTY01000002	BGC0000428	206221	238934	NRP
1123487.SAMN02441373.KB892835	BGC0000429	295810	382616	NRP
1123487.SAMN02441373.KB892864	BGC0000430	139619	161620	NRP;Polyketide
1123497.SAMN02745802.JONG01000009	BGC0000431	123308	178203	NRP
1123497.SAMN02745802.JONG01000010	BGC0000432	117362	151413	NRP
1123497.SAMN02745802.KL543968	BGC0000433	241035	282919	NRP
1123500.SAMN02440571.ATUU01000002	BGC0000434	208462	264159	NRP
1123503.SAMN02440981.KB908057	BGC0000435	283995	316183	NRP
1123508.SAMN02469381.JH636444	BGC0000436	335793	356528	NRP
1125700.SAMN02596986.KE332517	BGC0000437	1349017	1471715	NRP
1125779.SAMN02596973.KE150446	BGC0000438	737188	810988	NRP
1125876.SAMN05443292.FOQT01000002	BGC0000439	334611	411251	NRP
1127673.SAMD00036600.BAEN01000041	BGC0000440	135047	224760	NRP
1127695.SAMN02436930.KB290947	BGC0000441	236092	326068	NRP
1127699.SAMN02436685.KB290974	BGC0000442	159564	169323	NRP
1128427.SAMN02256433.KB904821	BGC0000443	2654353	2694391	NRP
1128970.SAMN04487935.FNEZ01000001	BGC0000444	479356	499979	NRP
112901.SAMN04488500.FWXI01000002	BGC0000445	163946	228596	NRP
112901.SAMN04488500.FWXI01000003	BGC0000446	156643	182489	NRP
112903.SAMN04490178.FODY01000001	BGC0000447	184194	253318	NRP
112904.SAMN05735024.MJEA01000001	BGC0000448	244839	270793	NRP
1129794.SAMN02603050.CP003837	BGC0000449	2671535	2729895	NRP
1133592.SAMN02604333.CP003263	BGC0000450	140622	177368	NRP
1134406.SAMN03856825.LGCL01000024	BGC0000451	134689	158326	NRP
1134474.SAMN02471006.JH668201	BGC0000452	584935	634022	NRP
1134474.SAMN02471006.JH668202	BGC0000453	334598	373943	NRP
113574.SAMEA3114154.CDHO01000002	BGC0000454	548579	568469	NRP
113574.SAMEA3114154.CDHO01000003	BGC0000455	969357	1034401	NRP
113653.SAMN02988852.CP011267	BGC0000456	867556	898157	NRP
1137284.SAMN03840741.LIQF01000002	BGC0000457	276015	287289	NRP
1137284.SAMN03840741.LIQF01000003	BGC0000458	215601	252002	NRP
1137284.SAMN03840741.LIQF01000004	BGC0000459	194823	299494	NRP;Polyketide
1137284.SAMN03840741.LIQF01000006	BGC0000460	134725	158436	NRP
1137799.SAMN02851612.JOKH01000002	BGC0000461	631986	695706	NRP
1137799.SAMN02851612.JOKH01000005	BGC0000462	226708	269859	NRP
1137993.SAMN05660209.FNOT01000005	BGC0000463	209689	252896	NRP
1138189.SAMN04966274.LYPK01000006	BGC0000464	163536	269523	NRP
1138189.SAMN04966274.LYPK01000010	BGC0000465	134475	144518	NRP
1138189.SAMN04966275.LYPL01000004	BGC0000466	191895	227700	NRP
1141647.SAMD00050603.BDCT01000007	BGC0000468	116159	133739	RiPP
1141663.SAMN02429043.CM001774	BGC0000469	2127641	2167561	RiPP
1144343.SAMN00839654.AKIZ01000038	BGC0000470	131034	157955	RiPP
1144548.SAMN05443287.FNYV01000008	BGC0000471	107334	120304	RiPP
1150298.SAMEA3545257.CYYV01000001	BGC0000472	168368	182076	RiPP
1150468.SAMD00061049.AP012334	BGC0000473	896319	910172	RiPP
1150626.SAMEA2272023.CAHP01000001	BGC0000474	159284	171884	RiPP
115433.SAMN05421835.FORP01000004	BGC0000475	185510	198203	RiPP
1156395.SAMN05251087.MAGO01000001	BGC0000476	225510	225752	RiPP
1156937.SAMEA2682029.LM997411	BGC0000477	1217812	1228885	RiPP
1156985.SAMN04488118.FMWG01000003	BGC0000478	204315	204519	RiPP
1158144.SAMN02194616.JQIW01000003	BGC0000479	153222	166644	RiPP
1158291.SAMN02441003.KB898471	BGC0000480	389710	401531	RiPP
1158294.SAMN02745921.JOMI01000002	BGC0000481	192156	204671	RiPP
1158338.SAMN02841204.JNLJ01000005	BGC0000482	301532	301778	RiPP
1161401.SAMN02053529.ASJA01000002	BGC0000483	152108	166508	RiPP
1163617.SAMD00061061.AP013066	BGC0000484	1467894	1474683	RiPP
1163730.SAMN02603095.CP003423	BGC0000485	646230	648430	RiPP
1165094.SAMEA2272692.CAIY01000027	BGC0000486	150502	156809	RiPP
1165841.SAMN02469595.AJLE01000006	BGC0000487	206060	218200	RiPP
1166073.SAMN05192530.FNIT01000006	BGC0000488	154004	165392	RiPP
1169152.SAMN02441444.AXVD01000001	BGC0000489	124093	130559	RiPP
1169152.SAMN02441444.AXVD01000002	BGC0000490	133009	136808	RiPP
1169152.SAMN02441444.AXVD01000004	BGC0000491	132385	136485	RiPP
1169152.SAMN02441444.KI519393	BGC0000492	113790	114090	RiPP
117157.SAMN04489717.LT629732	BGC0000493	3102574	3102874	RiPP
1172565.SAMN04363576.LUTM01000002	BGC0000494	153592	160600	RiPP
1172626.SAMN03084318.JRQQ01000006	BGC0000495	169311	207479	RiPP
1173026.SAMN02261347.CP003646	BGC0000496	2518194	2525539	RiPP
1173111.SAMN05444955.FOCQ01000004	BGC0000497	130452	141701	RiPP
1176165.SAMN04317116.LPXX01000011	BGC0000498	129890	144885	RiPP
1177154.SAMN03076215.ARXV01000002	BGC0000499	210341	215074	RiPP
1177154.SAMN03076215.ARXV01000006	BGC0000500	144516	153379	RiPP
1177179.SAMN02471206.AMRJ01000001	BGC0000501	186004	193212	RiPP
1177755.SAMN04915608.MASI01000002	BGC0000502	221813	237831	RiPP
1178825.SAMN05216261.FQYK01000004	BGC0000503	184296	201379	RiPP
118062.SAMEA4378819.LT607756	BGC0000504	1223298	1230798	RiPP
118161.SAMN02261343.KB235919	BGC0000505	193408	193888	RiPP
118168.SAMN02436227.DS989842	BGC0000506	242201	256299	RiPP
1182571.SAMN03218061.CP010028	BGC0000507	1683571	1690929	RiPP
1184151.SAMN04441843.KV441839	BGC0000508	1253850	1262550	RiPP
1185653.SAMN05366139.CP016534	BGC0000509	1840086	1855573	RiPP
1185766.SAMN05216224.FOVB01000003	BGC0000510	160162	161272	RiPP
1188.SAMN03450030.JH930357	BGC0000511	960488	974638	RiPP
1188.SAMN03450030.JH930361	BGC0000513	243188	249391	RiPP
1188.SAMN03450030.JH930363	BGC0000514	234987	247692	RiPP
1188.SAMN03450030.JH930364	BGC0000515	229457	242088	RiPP
1188.SAMN03450030.JH930366	BGC0000516	177390	188310	RiPP
1188319.SAMD00025396.BBTH01000001	BGC0000517	318574	327690	RiPP
1189612.SAMN02469969.ALWO02000023	BGC0000518	274667	289553	RiPP
1189612.SAMN02469969.ALWO02000045	BGC0000519	130601	137001	RiPP
1189619.SAMN02471957.APLF01000009	BGC0000520	191431	192500	RiPP
118967.SAMN02745191.FUWY01000001	BGC0000521	311302	323434	RiPP
1190417.SAMN05660690.FMZF01000007	BGC0000522	125091	133441	RiPP
1191523.SAMN02603097.CP003557	BGC0000523	1630052	1646048	RiPP
1191699.SAMN02471015.ANOK01000004	BGC0000525	139328	143165	RiPP
1192034.SAMN02952950.ASRX01000003	BGC0000526	150865	166036	RiPP
1192054.SAMN03287307.JYGY01000004	BGC0000527	178693	191017	RiPP
1193051.SAMN02436259.AKXE01000001	BGC0000528	126546	134729	RiPP
1193069.SAMN02436578.AKWX02000013	BGC0000529	179364	200771	RiPP
1193069.SAMN02436578.AKWX02000020	BGC0000530	491149	501267	RiPP
1193682.SAMN05860870.MKQR01000009	BGC0000531	163672	173418	RiPP
1193682.SAMN05860870.MKQR01000017	BGC0000532	122027	125507	RiPP
1194088.SAMN02470121.JH815329	BGC0000533	682996	693046	RiPP
1194090.SAMN05443144.FQUS01000003	BGC0000534	149848	156207	RiPP
1195763.SAMN03702590.LDOT01000006	BGC0000535	186632	201648	RiPP
1195763.SAMN03702590.LDOT01000023	BGC0000536	123997	137527	RiPP
1196095.SAMN05179584.LZGN01000037	BGC0000537	173563	189216	RiPP
1196095.SAMN05179587.LZGK01000013	BGC0000538	437866	445476	RiPP
1196095.SAMN05179593.LZGQ01000003	BGC0000539	171113	182853	RiPP
1196324.SAMN02471793.AKKV01000026	BGC0000540	120784	132476	RiPP
1197874.SAMN03651237.LDAS01000001	BGC0000541	1950037	1959150	RiPP
1198245.SAMN05444858.FTNF01000008	BGC0000542	86044	95174	RiPP
119858.SAMEA88385668.LT745774	BGC0000543	219150	227022	RiPP
1200557.SAMN02744020.KK211383	BGC0000544	148043	163624	RiPP
1200749.SAMN04487760.FNEU01000001	BGC0000545	276344	289146	RiPP
1201288.SAMN02436250.AUNI01000014	BGC0000546	155655	163631	RiPP
1201293.SAMN02470165.AKXQ01000003	BGC0000547	133811	156431	RiPP
1202962.SAMN02441661.KB907150	BGC0000548	346330	356940	RiPP
1203076.PRJEB104.HE997173	BGC0000549	577569	592882	RiPP
1204719.PRJEB57.HE997185	BGC0000550	144447	146845	RiPP
1206103.SAMN02469613.JH947126	BGC0000551	498537	505265	RiPP
1206737.SAMD00041769.BAGF01000027	BGC0000552	113151	124927	RiPP
1208321.SAMN02471158.AYOZ01000034	BGC0000553	142105	149545	RiPP
1208323.SAMN02471168.AMRK01000005	BGC0000554	155160	161706	RiPP
1208365.SAMN02436393.AMWX01000012	BGC0000555	180615	192365	RiPP
1208599.SAMN02469794.KI632497	BGC0000556	355220	367260	RiPP
1208599.SAMN02469794.KI632498	BGC0000557	252875	264525	RiPP
1208921.SAMN02641645.CP003806	BGC0000558	411795	416998	RiPP
120956.SAMN05421791.FNCK01000003	BGC0000559	148136	162752	RiPP
1210074.SAMD00040653.BDBH01000011	BGC0000560	169816	180916	RiPP
1210077.SAMD00040655.BDBK01000010	BGC0000561	180371	196890	RiPP
1210082.SAMD00040656.BDBO01000014	BGC0000562	236076	236354	RiPP
1210082.SAMD00040656.BDBO01000015	BGC0000563	266283	271622	RiPP
1210082.SAMD00040656.BDBO01000140	BGC0000564	97976	106610	RiPP
1210088.SAMD00018769.BDBU01000002	BGC0000565	136971	157165	RiPP
1210088.SAMD00018769.BDBU01000018	BGC0000566	136932	145222	RiPP
1210094.SAMD00018778.BDBZ01000007	BGC0000567	224906	232048	RiPP
1210096.SAMD00040669.BDCA01000005	BGC0000568	170322	175467	RiPP
1210099.SAMD00018773.BDCD01000016	BGC0000569	162412	172304	RiPP
1210101.SAMD00040671.BDCF01000002	BGC0000570	182202	185729	RiPP
1211777.PRJEB128.HF536773	BGC0000571	727047	731621	RiPP
1211813.SAMEA2272467.CAPH01000013	BGC0000572	205926	210442	RiPP
1211817.SAMEA3138979.CCAT010000043	BGC0000573	162117	171170	RiPP
1211844.PRJEB377.HG005286	BGC0000574	180373	186510	RiPP
1211844.PRJEB377.HG005291	BGC0000575	102054	107650	RiPP
1212545.SAMN02470290.ALWK01000057	BGC0000576	231494	239450	RiPP
1212765.SAMN02603732.CP003731	BGC0000577	361858	370371	RiPP
121292.SAMN04332703.CP013747	BGC0000578	2463164	2468169	RiPP
1216006.SAMEA4552037.FQXZ01000015	BGC0000579	196068	202193	RiPP
1216973.SAMD00046503.BCQM01000001	BGC0000580	428776	431630	RiPP
121719.SAMN04158710.CP013068	BGC0000581	2548297	2553100	RiPP
1217799.SAMN03068710.KQ758903	BGC0000582	883103	895251	RiPP
121821.SAMN05717330.MEHT01000001	BGC0000583	183834	190559	RiPP
121821.SAMN05717330.MEHT01000007	BGC0000584	135502	139186	RiPP
1218492.SAMN03275731.KQ034029	BGC0000585	196307	202765	RiPP
1218508.SAMN03271966.KQ033877	BGC0000586	443040	456781	RiPP
1218598.SAMN02436408.AOHC02000037	BGC0000587	163533	180356	RiPP
1219011.SAMD00046763.BDAM01000008	BGC0000588	141959	154478	RiPP
1219023.SAMD00046764.BCXD01000003	BGC0000589	177106	185527	RiPP
1219029.SAMD00046770.BCXH01000001	BGC0000590	435039	440302	RiPP
1219048.SAMD00046754.BCYX01000001	BGC0000591	239641	245281	RiPP
1219065.SAMD00041816.BATJ01000002	BGC0000592	189215	199212	RiPP
1219361.SAMD00046497.BCRN01000002	BGC0000593	218582	225260	RiPP
1219383.SAMN05421733.FMYL01000001	BGC0000594	243995	250807	RiPP
1220535.SAMN02469922.ALYF01000003	BGC0000595	462649	484420	RiPP
1220559.SAMD00046515.BCRO01000012	BGC0000596	167172	188950	RiPP
1220564.SAMD00046507.BCQT01000001	BGC0000597	90218	101064	RiPP
1220564.SAMD00046507.BCQT01000011	BGC0000598	226322	241372	RiPP
1220564.SAMD00046507.BCQT01000018	BGC0000599	157646	163660	RiPP
1220578.SAMD00018683.BBWV01000004	BGC0000600	293091	301232	RiPP
1220580.SAMD00046501.BCQZ01000003	BGC0000601	108448	114540	RiPP
1220583.SAMD00041806.BANR01000001	BGC0000602	135339	142697	RiPP
1220589.SAMN02953199.JPVP01000054	BGC0000603	114823	141419	RiPP
1220589.SAMN02953199.JPVP01000055	BGC0000604	152595	175443	RiPP
1221450.SAMN05934486.KV917369	BGC0000605	2728158	2745337	RiPP
1221500.SAMN03651894.CP015378	BGC0000606	2041647	2055891	RiPP
122202.SAMN03653484.LDTZ01000017	BGC0000607	231745	255754	RiPP
1223489.SAMD00040660.BDCK01000023	BGC0000608	119559	124054	RiPP
1223525.SAMD00046520.BCRT01000015	BGC0000609	157775	203335	RiPP
1223525.SAMD00046520.BCRT01000021	BGC0000610	291320	326033	RiPP
1223536.SAMD00046514.BCRV01000004	BGC0000611	108297	146884	RiPP
1223541.SAMD00047212.BCWU01000002	BGC0000612	200363	221531	RiPP
1223541.SAMD00047212.BCWU01000004	BGC0000613	212458	228044	RiPP
1223541.SAMD00047212.BCWU01000005	BGC0000614	140627	170006	RiPP
1223546.SAMD00040652.BDCJ01000013	BGC0000615	81746	116826	RiPP
1224947.SAMN05216480.FPBK01000003	BGC0000616	138765	142938	RiPP
1225564.SAMN03652542.LCYG01000042	BGC0000617	118930	125385	RiPP
1225657.SAMN03988185.LJAK01000002	BGC0000618	245234	245995	RiPP
1225657.SAMN03988185.LJAK01000006	BGC0000619	124619	131554	RiPP
1226325.SAMN02436820.KE992693	BGC0000620	168706	185359	RiPP
1227077.SAMN04515668.FOXS01000003	BGC0000621	334002	334405	RiPP
1227077.SAMN04515668.FOXS01000006	BGC0000622	224823	230317	RiPP
1227453.SAMN02471638.AOLY01000042	BGC0000623	172266	175061	RiPP
1229521.SAMN02951920.AONB01000001	BGC0000624	262427	270186	RiPP
1229756.SAMN02603178.CP003839	BGC0000625	889295	919871	RiPP
1230453.SAMN02471641.AOLK01000015	BGC0000626	325108	332730	RiPP
1231.SAMN05216402.FNKY01000001	BGC0000627	1549314	1577609	RiPP
1231.SAMN05216404.FOCT01000003	BGC0000628	176510	190310	RiPP
1231.SAMN05216412.FOHI01000005	BGC0000629	121992	189512	Terpene
1231336.SAMN02469385.KI271583	BGC0000630	141614	147841	Terpene
1231340.SAMD00036632.BAMW01000006	BGC0000631	191673	221174	Terpene
1231341.SAMD00036633.BAMX01000024	BGC0000632	138167	151928	Terpene
1232410.SAMN02469593.KI421428	BGC0000633	153188	167492	Terpene
1232428.PRJEB645.HF954537	BGC0000634	708650	720641	Terpene
1232429.SAMEA2272581.HG005168	BGC0000635	123860	133934	Terpene
1232683.SAMN02745957.JMQN01000047	BGC0000636	126046	140444	Terpene
1233.SAMN05216387.FOBH01000004	BGC0000637	114560	123793	Terpene
1233951.SAMN02924067.JPLZ01000006	BGC0000638	992981	999899	Terpene
1234595.SAMN02472131.AMRV01000003	BGC0000639	223648	230647	Terpene
1235755.SAMN02470212.ANAM01000008	BGC0000640	437443	446257	Terpene
1235788.SAMN01730986.KE159507	BGC0000641	189346	198021	Terpene
1235795.SAMN01730996.KE159652	BGC0000642	914821	923948	Terpene
1235798.SAMN01731000.KE159715	BGC0000643	320623	330820	Terpene
1235798.SAMN01731000.KE159718	BGC0000644	140447	146759	Terpene
1235799.SAMN01731001.KE159797	BGC0000645	303574	311049	Terpene
1235800.SAMN01731002.KE159817	BGC0000646	240000	246380	Terpene
1235800.SAMN01731002.KE159819	BGC0000647	132549	135633	Terpene
1235802.SAMN01731006.KB822471	BGC0000648	478676	490655	Terpene
1235802.SAMN01731006.KB822500	BGC0000649	247046	257924	Terpene
1235813.SAMD00016596.BAIU01000001	BGC0000650	168537	176287	Terpene
1236498.SAMD00009976.BAJR01000001	BGC0000651	168143	203570	Terpene
1236517.SAMN03704035.CP012074	BGC0000652	921458	957863	Terpene
1236517.SAMN03704035.CP012075	BGC0000653	720007	741701	Terpene
1236525.SAMD00002827.BAKW01000003	BGC0000654	132591	182052	Saccharide;Terpene
1236608.SAMN02603777.CP002005	BGC0000656	950672	954473	Terpene
1236902.SAMN02472159.ANAS01000006	BGC0000657	172062	178013	Terpene
1236902.SAMN02472159.ANAS01000012	BGC0000658	153465	155691	Terpene
1236958.SAMD00008912.BAMS01000001	BGC0000659	789129	791066	Terpene
1236974.SAMD00000412.BAZR01000005	BGC0000660	139709	142177	Terpene
1236976.SAMD00000453.BAVZ01000004	BGC0000661	174783	180195	Terpene
1236976.SAMD00000453.BAVZ01000007	BGC0000662	131888	146794	Terpene
1238182.SAMN01840338.ANHY01000002	BGC0000663	138928	152685	Terpene
1238182.SAMN01840338.ANHY01000007	BGC0000664	140800	149191	Terpene
1238182.SAMN01840338.ANHY01000008	BGC0000665	130820	152079	Alkaloid;Terpene
1246637.SAMEA100367668.LT828541	BGC0000666	347171	376542	Terpene
1246995.SAMN02603031.CP006272	BGC0000667	4430282	4438231	Terpene
1249481.SAMN01922053.AORC01000009	BGC0000668	165402	201972	Alkaloid;Terpene
1249552.SAMN04260401.CP013189	BGC0000669	1653149	1687749	Terpene
1250059.SAMN04489761.FNSF01000007	BGC0000670	351696	384498	Terpene
1250198.SAMN04487765.FNUB01000004	BGC0000671	298718	467344	Terpene
1250198.SAMN04487765.FNUB01000005	BGC0000672	1580863	1824494	Terpene
1250232.SAMN02799619.JQNJ01000001	BGC0000673	2186206	2195303	Terpene
1257025.SAMN02436484.AOGW02000009	BGC0000674	183348	188339	Terpene
1259795.SAMN02440465.KB899040	BGC0000675	684235	689211	Terpene
1260356.SAMN02436837.KE351686	BGC0000676	185663	201292	Terpene
126156.SAMN05421670.FOXU01000004	BGC0000677	161862	166930	Terpene
126157.SAMN05421832.FOUN01000003	BGC0000678	187227	200664	Terpene
1261634.SAMN05726914.MJID01000006	BGC0000679	139959	187875	Terpene
1261634.SAMN05726914.MJID01000007	BGC0000680	265388	319871	Terpene
1261635.SAMN05726915.MJHW01000008	BGC0000682	234308	261632	Terpene
1261637.SAMN05726911.MJIG01000004	BGC0000683	768641	769649	Terpene
1262774.PRJEB706.HF993827	BGC0000684	153687	175433	Terpene
1262810.PRJEB888.FR893523	BGC0000685	150071	178992	Terpene
1262822.PRJEB940.HF999523	BGC0000686	229291	245568	Terpene
1263020.PRJEB841.FR893385	BGC0000687	173442	199283	Terpene
1264579.SAMD00019895.BBMP01000006	BGC0000688	106214	119999	Terpene
1265.SAMN02910265.FNWV01000002	BGC0000689	194401	227067	Saccharide
1265.SAMN02910280.FPIP01000001	BGC0000690	328296	353755	Saccharide
1265.SAMN02910280.FPIP01000003	BGC0000691	245476	286799	Saccharide
1265.SAMN04487860.FRCT01000005	BGC0000692	141913	181892	Saccharide
1265350.SAMN02937542.CP009253	BGC0000693	333703	362736	Saccharide
1265503.SAMN02440473.KB905160	BGC0000694	346250	365498	Saccharide
1265503.SAMN02440473.KB905162	BGC0000695	194973	242211	Saccharide
1265846.SAMN02671250.AODK01000006	BGC0000697	149603	187749	Saccharide
1266765.SAMD00017486.BAZF01000003	BGC0000698	161717	200868	Saccharide
1266998.SAMN02441598.ATUJ01000004	BGC0000699	149732	184653	Saccharide
1267.SAMEA3545324.CYZR01000001	BGC0000700	252280	320184	Saccharide
1267005.SAMN02440966.KB911258	BGC0000701	283525	289546	Saccharide
1267533.SAMN02440487.KB906733	BGC0000702	515155	540622	Saccharide
1267533.SAMN02440487.KB906736	BGC0000703	386058	591505	Saccharide
1267534.SAMN02441326.KB906759	BGC0000704	273963	321013	Saccharide
1267535.SAMN02440488.KB906767	BGC0000705	3195664	3237240	Saccharide
1270196.SAMN02594495.JCKI01000001	BGC0000706	425347	440393	Saccharide
1270196.SAMN02594495.JCKI01000004	BGC0000707	160779	168360	Saccharide
1270196.SAMN02594495.JCKI01000009	BGC0000708	140827	181406	Saccharide
1274374.SAMEA2272085.HG005139	BGC0000709	1533319	1583785	Saccharide
1274402.SAMN02996437.JQAJ01000002	BGC0000710	189816	231965	Saccharide
1274524.SAMN02471705.AOFM01000002	BGC0000711	122099	152936	Saccharide
1276920.SAMN02469439.AOCK01000004	BGC0000712	184127	232296	Saccharide
1278078.SAMN02469993.AODO01000006	BGC0000713	193234	225126	Saccharide
1278308.SAMN02440490.KB907076	BGC0000714	142841	189820	Saccharide
1278312.SAMN02441204.KE386793	BGC0000715	168824	187183	Saccharide
1279017.SAMN02441043.AQYJ01000029	BGC0000716	386448	416054	Saccharide
1279038.SAMN02441318.KB907337	BGC0000717	361240	451840	Saccharide
1280674.SAMN02440817.AUJK01000001	BGC0000718	161961	170394	Saccharide
1280682.SAMN02440821.AUKA01000002	BGC0000719	244094	256960	Saccharide
1280684.SAMN02440822.AUKB01000008	BGC0000720	366680	380482	Saccharide
1280684.SAMN02440822.KE384203	BGC0000721	446537	489757	Saccharide
1280686.SAMN02441163.AUKE01000001	BGC0000722	198691	243855	Saccharide
1280847.SAMN04488036.FOSZ01000004	BGC0000723	199990	237246	Saccharide
1280948.SAMN02746323.AWFH01000001	BGC0000724	306230	337504	Saccharide
1280949.SAMN02746697.ARYH01000003	BGC0000725	236855	242171	Saccharide
1280950.SAMN02746698.ARYK01000001	BGC0000726	497841	502454	Saccharide
1280950.SAMN02746698.ARYK01000002	BGC0000727	206969	236364	Saccharide
1280952.SAMN02746699.ARYJ01000001	BGC0000728	297036	316253	Saccharide
1283283.SAMN02441579.ATXA01000003	BGC0000729	187869	207102	Saccharide
1283286.SAMN02441483.KE384218	BGC0000730	1174651	1196802	Saccharide
1284.SAMN02863110.CP008747	BGC0000731	1198358	1218377	Saccharide
1285928.SAMN04487894.FMZO01000005	BGC0000732	201872	222787	Saccharide
1286.SAMN03996269.CP014016	BGC0000733	1242028	1262942	Saccharide
1286364.SAMN02746023.LANB01000001	BGC0000734	2069570	2086297	Saccharide
1288.SAMN04383932.CP013922	BGC0000735	1272845	1293263	Saccharide
1288080.SAMN02440677.KE384246	BGC0000736	80241	95455	Saccharide
128944.SAMN04419115.CP014163	BGC0000737	910018	917587	Saccharide
1289478.SAMN05891804.MOYL01000005	BGC0000738	168118	179863	Saccharide
1291742.SAMD00000344.AP014680	BGC0000739	1113206	1122044	Saccharide
1293591.SAMD00000463.BBBP01000003	BGC0000740	128027	132915	Saccharide
1293648.SAMN03333330.JYHS01000002	BGC0000741	241159	245927	Saccharide
1293890.SAMN02671741.JFKB01000001	BGC0000742	320854	323669	Saccharide
1293891.SAMN02671744.JFKA01000002	BGC0000743	371697	374512	Saccharide
1294022.SAMD00000435.BBCD01000001	BGC0000744	141091	145859	Saccharide
1294273.SAMN03081458.CP004372	BGC0000745	1713760	1718528	Saccharide
1296415.SAMN02597432.JACC01000002	BGC0000746	153155	158043	Saccharide
1298594.SAMD00000527.BBDU01000002	BGC0000747	192971	197859	Saccharide
1298851.SAMD00061062.AP013035	BGC0000748	888795	893683	Saccharide
1298857.SAMN02440852.AUEK01000003	BGC0000749	357222	362342	Saccharide
1298857.SAMN02440852.AUEK01000007	BGC0000750	282988	291113	Saccharide
1298857.SAMN02440852.AUEK01000009	BGC0000751	207088	213898	Saccharide
1298857.SAMN02440852.KE384480	BGC0000752	506819	514712	Saccharide
1298863.SAMN02440636.AUEP01000005	BGC0000753	198753	206154	Saccharide
1298866.SAMN02440856.KE384492	BGC0000754	179410	188886	Saccharide
1299341.SAMN05444005.FOEI01000003	BGC0000755	154087	163557	Saccharide
1300349.SAMN03266125.LZYB01000004	BGC0000756	173510	182368	Saccharide
1300914.SAMN04545527.CP014773	BGC0000757	2692680	2700819	Saccharide
1302272.SAMN02369456.AZCX01000001	BGC0000758	214472	260864	Saccharide
1304275.SAMN02929445.APNK01000001	BGC0000759	196010	225483	Saccharide
1304275.SAMN02929445.APNK01000002	BGC0000760	155621	182574	Saccharide
1304888.SAMN02441578.ATWF01000001	BGC0000761	1157590	1185710	Saccharide
1304903.SAMN02745866.FXAI01000008	BGC0000762	147465	168231	Saccharide
1305737.SAMN02584932.JAFX01000001	BGC0000763	2050265	2068715	Saccharide
1305836.SAMN02441110.AXVE01000016	BGC0000764	146513	163476	Saccharide
1306159.SAMD00016820.BBHL01000001	BGC0000765	482881	505079	Saccharide
1306174.SAMN02645213.JODP01000002	BGC0000766	343275	379786	Saccharide
1306174.SAMN02645213.JODP01000004	BGC0000767	277549	302174	Saccharide
1306174.SAMN02645213.JODP01000005	BGC0000768	201382	232882	Saccharide
1306174.SAMN02645213.JODP01000007	BGC0000769	129263	156779	Saccharide
1306947.SAMN02436396.ARQD01000002	BGC0000770	148004	160580	Saccharide
1313265.SAMN02841145.JNIE01000002	BGC0000771	206713	212760	Saccharide
1313421.SAMN02670898.JHBV01000031	BGC0000772	142718	156553	Saccharide
1314958.SAMD00023373.BBPT01000013	BGC0000773	170718	186661	Saccharide
1317117.SAMN03097562.AQQV01000003	BGC0000774	358935	396688	Saccharide
1317118.SAMN02597437.AQQW01000006	BGC0000775	130908	163569	Saccharide
1318743.SAMN02803869.CP010401	BGC0000776	697903	709724	Saccharide
1321778.SAMN02436756.KE993473	BGC0000777	143705	155017	Saccharide
1321779.SAMN02436816.KI272860	BGC0000778	149511	160056	Saccharide
1321814.SAMN02436867.KI535286	BGC0000779	188146	193845	Saccharide
1321815.SAMN02436727.KI260564	BGC0000780	224268	287598	Saccharide
1324314.SAMN06191537.MSZX01000010	BGC0000781	130646	147382	Saccharide
1324352.SAMN03152363.CP009928	BGC0000782	2138075	2161258	Saccharide
1325130.SAMD00036746.BASD01000004	BGC0000783	136439	149626	Saccharide
1329516.SAMN02949508.JPST01000003	BGC0000784	126697	144150	Saccharide
1329796.SAMEA2770057.LN812103	BGC0000785	583713	603629	Saccharide
1330700.SAMN02745159.JQNC01000003	BGC0000786	1040758	1052973	Saccharide
1331007.SAMD00036740.BARX01000001	BGC0000787	169225	182888	Saccharide
1333845.SAMN04487895.FODH01000005	BGC0000788	180483	202015	Saccharide
1335309.SAMN05216457.FMAR01000003	BGC0000789	199399	218171	Saccharide
1336237.SAMN02584966.JAEE01000001	BGC0000790	436376	448326	Saccharide
1336241.SAMN02584969.KI912470	BGC0000791	137793	150668	Saccharide
1336794.SAMN05375114.CP017260	BGC0000792	1363924	1382741	Saccharide
1336795.SAMN05375122.CP017259	BGC0000793	1002565	1014348	Saccharide
1337886.SAMN04455154.LSLJ01000001	BGC0000794	1273038	1293021	Saccharide
1337936.SAMN02909965.CP011382	BGC0000795	2936089	2966433	Saccharide
1338436.SAMN03070057.JTDL01000037	BGC0000796	151447	178741	Saccharide
1339253.SAMN03021524.JTLD01000004	BGC0000797	189168	217972	Saccharide
1340434.SAMN02441109.AXVA01000005	BGC0000798	290593	395039	Saccharide
1341154.SAMN02470903.AVBI01000016	BGC0000799	144872	168783	Saccharide
1341181.SAMN02470908.AVGG01000003	BGC0000800	159951	176026	Saccharide
1341181.SAMN02470908.AVGG01000018	BGC0000801	147795	179433	Saccharide
1342302.SAMN02721580.JASC01000013	BGC0000802	338452	349052	Saccharide
134537.SAMN03174512.CP010027	BGC0000803	1676380	1696177	Saccharide
134601.SAMN03839023.CP012150	BGC0000804	3089405	3129748	Saccharide
1346290.SAMN02256467.KB889967	BGC0000806	1961389	2032276	Saccharide
1347087.SAMEA3138924.CBYO010000007	BGC0000807	225498	261587	Saccharide
1347368.PRJEB4275.HG964404	BGC0000808	335795	364630	Saccharide
1348253.SAMN03070121.JTDK01000001	BGC0000809	186227	228227	Alkaloid
1348338.SAMN02469437.ATIA01000059	BGC0000810	152944	417151	Alkaloid
1348393.SAMN04293676.LOFH01000007	BGC0000811	128271	150423	Alkaloid
134849.SAMN05443668.FRCS01000012	BGC0000812	127714	153715	Alkaloid
1348624.SAMD00046999.BCVC01000003	BGC0000813	206036	226336	Alkaloid
1348635.SAMD00018681.BBJY01000001	BGC0000814	199939	244699	Alkaloid
1348635.SAMD00018681.BBJY01000005	BGC0000815	128110	153454	Alkaloid
1348657.SAMN02210755.ATJV01000001	BGC0000816	157970	178149	Alkaloid;NRP
1348853.SAMN03070119.JTDI01000006	BGC0000817	150849	157663	Alkaloid
1348908.SAMN02469733.KI518588	BGC0000818	173181	216996	NRP
1349421.SAMN03152361.JSVC01000002	BGC0000819	146789	194673	Alkaloid;NRP
1349782.SAMD00034166.BCNM01000001	BGC0000820	420967	429514	Alkaloid
1349782.SAMD00034166.BCNM01000007	BGC0000821	112315	138459	Other
1349782.SAMD00034166.BCNM01000011	BGC0000822	128142	153823	Alkaloid
1349786.SAMD00046486.BCSO01000001	BGC0000823	250200	267712	Alkaloid
1349791.SAMD00046729.BCTJ01000002	BGC0000824	132638	167538	Alkaloid
1352.SAMN03988632.CP012430	BGC0000825	1488256	1511255	Alkaloid
1353260.SAMN03074222.CP012850	BGC0000826	1672770	1698856	Alkaloid
1353276.SAMN02584980.JADR01000001	BGC0000827	404779	429079	Alkaloid
1353529.SAMN02436208.AUNE01000010	BGC0000828	133724	142801	Alkaloid
1354271.SAMN04875433.LXEV01000023	BGC0000829	144847	154941	Alkaloid
1354791.SAMN02644663.CP007268	BGC0000830	1714330	1722649	Other
1356306.SAMN04325952.LQZA01000002	BGC0000831	139674	146989	Alkaloid
1357399.SAMN00690727.KI669458	BGC0000832	979857	1012801	Other;Saccharide
1359.SAMN03770951.LITB01000003	BGC0000833	110197	148031	Other;Saccharide
1359163.SAMN02402774.LANX01000001	BGC0000834	645821	669039	Other;Saccharide
136273.SAMN02863078.JSUH01000001	BGC0000835	184241	194099	Polyketide
1365249.SAMN02250933.AUYA01000069	BGC0000836	152268	167290	Other
1365251.SAMN02250935.AUXZ01000141	BGC0000837	76983	95522	Other
1366046.SAMN02257761.AVDB01000006	BGC0000838	130459	165522	Polyketide
1370122.SAMN02744004.JHXQ01000005	BGC0000839	143433	169070	Other
137265.SAMN05421684.FNQB01000003	BGC0000840	876431	896741	Other
137722.SAMD00060958.AP010946	BGC0000841	1640168	1651191	Other
1378168.SAMN02597027.KI535334	BGC0000842	187987	231748	Other
1379258.SAMN04202543.AVQK01000010	BGC0000843	138093	161759	Other
1379258.SAMN04202543.KQ474099	BGC0000844	357053	370954	Other
1379858.SAMN02297858.KI530573	BGC0000845	469992	503523	Other
1379858.SAMN02297858.KI530588	BGC0000846	222343	245315	Other
1379870.SAMN03273316.CP010429	BGC0000847	3335242	3367571	Other
1380346.SAMN02841147.JNIH01000004	BGC0000848	123939	124884	Other
1380348.SAMN02743954.JIAQ01000010	BGC0000849	130290	132000	Other
1380354.SAMN02743917.JIAN01000006	BGC0000850	394869	397343	Other
1380357.SAMN02990966.FODP01000009	BGC0000851	170061	174584	Other
1380372.SAMN02743950.JIAZ01000007	BGC0000852	202395	205932	Other
1380372.SAMN02743950.JIAZ01000010	BGC0000853	166612	169978	Other
1380372.SAMN02743950.KK211152	BGC0000854	134162	141069	Other
1380380.SAMN02743941.JIAX01000006	BGC0000855	363144	366702	Other
1380390.SAMN02743918.JIAT01000011	BGC0000856	317559	321906	Other
1380394.SAMN02584986.JADL01000008	BGC0000857	201096	205967	Other
1382303.SAMN02745000.JPOM01000001	BGC0000858	1296546	1300799	Other
1382305.SAMN02302522.AZUC01000014	BGC0000859	165864	169169	Other
1382357.SAMN02744825.JQMN01000001	BGC0000860	1785488	1790622	Other
1383.SAMN02797791.JQCP01000002	BGC0000861	234047	254545	Other
1383.SAMN02797791.JQCP01000003	BGC0000862	168170	206065	Other
1384589.SAMN04202767.KQ947376	BGC0000863	347506	364622	Other
1385368.SAMN03382941.AVFK01000001	BGC0000864	334639	376226	Other
1385368.SAMN03382941.AVFK01000007	BGC0000865	117175	150274	Other
1385369.SAMN02951888.AVFL01000003	BGC0000866	183253	188753	Other
1385369.SAMN02951888.AVFL01000006	BGC0000867	140161	146581	Other
1385369.SAMN02951888.AVFL01000007	BGC0000868	147353	156653	Other
1385510.SAMN02441140.AULI01000005	BGC0000869	125875	143820	Other
1385510.SAMN02441140.AULI01000008	BGC0000870	126699	130589	Other
1385512.SAMN03177048.AVPG01000001	BGC0000871	229261	238068	Other
1385513.SAMN02665299.AVBG01000003	BGC0000872	183075	218460	Other
1385513.SAMN02665299.AVBG01000004	BGC0000873	126518	160194	Other
1385515.SAMN02440838.AUHT01000005	BGC0000874	238456	275133	Other
1385521.SAMN03144717.AVPK01000002	BGC0000875	270365	306650	Other
1389006.SAMN03387008.LAJH01000021	BGC0000876	169007	178396	Other
1390249.SAMN05771867.MJAT01000001	BGC0000877	210643	256709	Other
1390249.SAMN05771867.MJAT01000012	BGC0000878	200810	209930	Other
1390249.SAMN05771867.MJAT01000022	BGC0000879	152074	166691	Other
1391627.SAMN05216464.FNAI01000011	BGC0000880	131627	143621	Other
1392486.SAMN02743910.JIAF01000004	BGC0000881	1221483	1231982	Other
1392488.SAMN02743906.JHZY01000004	BGC0000882	1139055	1158869	Other
1392540.SAMN02335355.KI530723	BGC0000883	256413	287297	Other
1392998.SAMN02713514.JMIY01000002	BGC0000884	262614	265619	Other
1393.SAMD00053328.BDFB01000005	BGC0000885	357680	374386	Other
1393.SAMD00053328.BDFB01000007	BGC0000886	229462	244542	Other
1395513.SAMN02469411.AWTC01000001	BGC0000887	231898	262889	Alkaloid
1396141.SAMD00036766.BATP01000023	BGC0000888	131343	135685	Other
1397666.SAMN02470126.AWXE01000001	BGC0000889	368720	388489	Other
1398491.SAMN02374895.CP009117	BGC0000890	449233	460323	Other
1399798.SAMN02584999.JADG01000007	BGC0000891	244063	255326	Other
1399798.SAMN02584999.JADG01000010	BGC0000892	145736	158923	Other
1400525.SAMN02841150.JNIU01000001	BGC0000893	683530	705536	NRP
1401.SAMN05929606.MRTF01000002	BGC0000894	451510	495510	Other
140314.SAMN04488076.FOTD01000002	BGC0000895	129050	140230	Other
1403316.SAMN02360547.CP006771	BGC0000896	281885	302630	Other
1406.SAMN05981093.CP017968	BGC0000897	2617149	2637292	Other
140626.SAMN02743877.JHWB01000019	BGC0000898	139522	151963	Saccharide
1406840.SAMN03078689.JRLV01000003	BGC0000899	145782	163447	Other
1408254.SAMN02378363.KI629782	BGC0000900	1156445	1165497	Other
1408254.SAMN02378363.KI629787	BGC0000901	253267	276381	Other
1408305.SAMN02743998.KK211306	BGC0000902	204716	208619	Other
1408306.SAMN02744002.JHXX01000003	BGC0000903	168483	180486	Other
1408310.SAMN02769640.JHUW01000009	BGC0000904	167888	182964	Other
1408319.SAMN02743996.JHYJ01000003	BGC0000905	214402	230763	Other
1408320.SAMN02841165.JNJE01000013	BGC0000906	135451	152849	Other
1408320.SAMN02841165.KL370790	BGC0000907	320379	358596	Other
1408321.SAMN02841155.JNJD01000007	BGC0000908	276474	282971	Other
1408324.SAMN02841162.JNJK01000002	BGC0000909	176440	183065	Other
1408422.SAMN02743997.JHYF01000002	BGC0000910	228493	229913	Other
1408422.SAMN02743997.KK211287	BGC0000911	151908	153196	Other
1408424.SAMN02743995.KK211279	BGC0000912	227931	229196	Other
1408473.SAMN02744005.JHXO01000006	BGC0000913	265472	276501	Other
1408473.SAMN02744005.JHXO01000008	BGC0000914	214868	234210	Other
1408473.SAMN02744005.JHXO01000009	BGC0000915	202045	265773	Other
1408473.SAMN02744005.JHXO01000011	BGC0000916	178456	192359	Other
1410573.SAMN02364255.AYMA01000001	BGC0000917	230081	232558	Other
1410617.SAMN02744013.JHXH01000001	BGC0000918	146967	151961	Other
1410618.SAMN02841186.JNKI01000002	BGC0000919	130094	137182	Other
1410621.SAMN02744023.JHWU01000007	BGC0000920	158754	161394	Other
1410621.SAMN02744023.KK211387	BGC0000921	209508	225259	Other
1410621.SAMN02744023.KK211388	BGC0000922	212527	225663	Other
1410622.SAMN02841226.JNKY01000010	BGC0000923	243397	249794	Other
1410622.SAMN02841226.KL370879	BGC0000924	208403	214101	Other
1410627.SAMN02743879.JHWS01000003	BGC0000925	171260	190048	Other
1410631.SAMN02743885.JHWZ01000001	BGC0000926	157268	192533	Other
1410632.SAMN02744022.JHWW01000002	BGC0000927	258020	263496	Other
1410649.SAMN02841221.JNKJ01000008	BGC0000929	145961	153651	Other
1410649.SAMN02841221.JNKJ01000011	BGC0000930	123420	153579	Other
1410652.SAMN02744012.JHXK01000008	BGC0000931	174451	201473	Other
1410652.SAMN02744012.KK211336	BGC0000932	234024	253642	Other
1410652.SAMN02744012.KK211337	BGC0000933	177623	182812	Other
1410653.SAMN02952982.JHVC01000001	BGC0000934	407861	433415	Other
1410666.SAMN02744007.JHXG01000006	BGC0000935	166976	196873	Other
1410671.SAMN02841181.JNKE01000017	BGC0000936	145614	152334	Other
1410671.SAMN02841181.JNKE01000018	BGC0000937	135942	169599	Other
1410672.SAMN02744011.KK211348	BGC0000938	229910	261709	Other
1411685.SAMN02597429.AZIN01000003	BGC0000939	149724	166090	Other
1411903.SAMN06209184.CP019124	BGC0000940	1570685	1578013	Other
1412872.SAMN02347633.KI543180	BGC0000941	171791	177918	Other
1412874.SAMN02347633.KI543227	BGC0000942	161080	168170	Other
1413210.SAMN04623222.LWDV01000007	BGC0000943	190549	207263	Other
1414718.SAMEA2821770.CCYL01000033	BGC0000944	213208	219301	Other
1414722.SAMEA3856857.FCNU01000032	BGC0000945	162700	185344	Other
1416759.SAMN02729857.AYMR01000011	BGC0000946	179322	187056	Other
1419482.SAMN05444266.FRBL01000002	BGC0000947	351351	367473	Other
1419482.SAMN05444266.FRBL01000003	BGC0000948	369004	371467	Other
1419482.SAMN05444266.FRBL01000004	BGC0000949	318703	383960	NRP;Other
1419482.SAMN05444266.FRBL01000006	BGC0000950	283312	318610	NRP;Other
1421.SAMN04097202.LJYY01000083	BGC0000951	272137	302448	NRP;Other
1421.SAMN04097202.LJYY01000084	BGC0000952	403319	611689	NRP;Polyketide
1421.SAMN05827443.CP017560	BGC0000953	1667063	1704400	Saccharide
1423321.SAMN02593515.JAQV02000031	BGC0000954	276758	360421	NRP;Polyketide
1423323.SAMN03145165.JSYM01000002	BGC0000955	290194	323214	NRP;Polyketide
1423715.SAMN02369485.AZDV01000003	BGC0000956	167297	195782	NRP;Polyketide
1423727.SAMN02369393.AYZQ01000001	BGC0000957	444328	484717	NRP;Polyketide
1423727.SAMN02369393.AYZQ01000003	BGC0000958	147003	171629	NRP;Polyketide
1423746.SAMN02369487.AZER01000014	BGC0000959	134169	167901	NRP;Polyketide
1423753.SAMN02369488.AZFS01000064	BGC0000960	170344	233882	NRP;Polyketide
1423775.SAMN02369463.AZDZ01000022	BGC0000961	161387	197982	NRP;Polyketide
1423776.SAMN02369464.AZEE01000027	BGC0000962	320068	360224	NRP;Polyketide
1423776.SAMN02369464.AZEE01000028	BGC0000963	324140	401597	NRP;Polyketide;Saccharide
1423780.SAMN02369465.AZED01000011	BGC0000964	232502	271080	NRP;Polyketide
1423788.SAMN02369437.AZDY01000029	BGC0000965	124370	209533	Polyketide
1423788.SAMN02369437.AZDY01000038	BGC0000966	295661	340301	NRP;Polyketide
1423788.SAMN02369437.AZDY01000041	BGC0000967	220431	368660	NRP;Polyketide
1423788.SAMN02369437.AZDY01000042	BGC0000968	155301	181231	NRP;Polyketide
1423806.SAMN02369475.AYZF01000002	BGC0000969	155092	204237	NRP;Polyketide
1423810.SAMN02369479.AYZK01000001	BGC0000970	383832	435075	NRP;Polyketide
1423813.SAMN02369385.AYYY01000063	BGC0000971	132900	162832	NRP;Polyketide
1424334.SAMN02404614.KI650980	BGC0000972	515966	571106	NRP;Polyketide
1424659.SAMN05216368.FNIB01000005	BGC0000973	176908	223580	NRP;Polyketide
142588.SAMN04488559.FOHA01000002	BGC0000974	181225	242663	NRP;Polyketide
1427518.SAMEA3138908.CBXF010000077	BGC0000975	131758	189064	NRP
1428448.SAMN03764407.AZAX01000001	BGC0000976	134747	199936	NRP;Polyketide
1429043.SAMN02419822.AZAC01000003	BGC0000977	132715	167013	NRP;Polyketide
1429043.SAMN02419822.AZAC01000014	BGC0000978	246808	288964	Alkaloid;NRP;Polyketide
1429043.SAMN02419822.AZAC01000078	BGC0000979	140594	147515	NRP;Polyketide
1429083.SAMN06011245.MPIO01000001	BGC0000980	280922	287843	NRP;Polyketide
1432562.SAMN03450945.LAYZ01000024	BGC0000981	271590	328702	NRP;Polyketide
1434104.SAMN03074571.CP009518	BGC0000982	1153602	1217478	NRP;Polyketide
1434232.SAMN04574817.LVJN01000015	BGC0000983	327583	372601	NRP;Polyketide
1434325.SAMN02951879.AZQN01000001	BGC0000984	396624	437581	NRP;Polyketide
1434325.SAMN02951879.AZQN01000005	BGC0000985	112886	167643	NRP;Polyketide
1434325.SAMN02951879.AZQN01000006	BGC0000986	149344	200349	NRP;Polyketide
1434752.SAMN05559869.MDFN01000001	BGC0000988	175341	244091	NRP;Polyketide
1435069.SAMD00019582.AP014636	BGC0000989	827954	883973	NRP;Polyketide
1435349.SAMN03198753.JTDW01000002	BGC0000990	210383	283235	NRP;Polyketide
1435377.SAMN03081514.CP006977	BGC0000991	963560	1022293	NRP;Polyketide
1436961.SAMN05421739.FOOT01000001	BGC0000992	589494	649998	NRP;Polyketide
1436961.SAMN05421739.FOOT01000003	BGC0000993	303322	343756	NRP;Polyketide
1437360.SAMN05444169.LT670818	BGC0000994	4522939	4600473	NRP;Polyketide
1437425.SAMEA3139101.CCEJ010000004	BGC0000995	151222	231806	NRP;Polyketide
1437607.SAMN02673451.JGZN01000008	BGC0000996	199775	216350	NRP;Polyketide
1437607.SAMN02673451.JGZN01000013	BGC0000997	152230	188230	NRP;Polyketide
1437875.SAMN02991553.CP009247	BGC0000998	1281409	1332510	NRP;Polyketide
1440774.SAMN02585141.JALN02000002	BGC0000999	201419	221699	NRP;Polyketide
1443666.SAMEA4034450.FLRG01000003	BGC0001000	522551	564515	NRP;Polyketide
1443666.SAMEA4034450.FLRG01000005	BGC0001001	235133	305033	NRP;Polyketide
1444712.SAMEA2610617.CCSC01000001	BGC0001002	906088	931199	NRP;Polyketide
1445607.SAMD00011359.BAIV01000001	BGC0001003	144841	211712	NRP;Polyketide;Saccharide
1448857.SAMN02645564.JFAP01000001	BGC0001004	147185	245752	Polyketide
1448857.SAMN02645564.JFAP01000007	BGC0001005	137515	184298	NRP;Polyketide
1449050.SAMN02841229.JNLE01000003	BGC0001006	2265518	2290563	NRP;Polyketide
1449050.SAMN02841229.JNLE01000005	BGC0001007	743508	767195	NRP;Polyketide
1449063.SAMN02743385.JMLS01000008	BGC0001008	167185	252596	Polyketide
1449345.SAMN02743884.JHWC01000001	BGC0001009	154055	205910	NRP;Polyketide
1449347.SAMN02745411.JQLN01000001	BGC0001010	397458	449313	NRP;Polyketide
1449355.SAMN02745173.JQNR01000002	BGC0001011	137475	254306	NRP;Polyketide
1450761.SAMN03777308.CP014140	BGC0001012	1723473	1815366	NRP;Polyketide
1453497.SAMN02643424.JFHK01000002	BGC0001013	148555	265411	NRP;Polyketide
1453498.SAMN03025770.JRHH01000004	BGC0001014	211957	250081	NRP;Polyketide
1453500.SAMN02595509.JDSI01000001	BGC0001015	288358	343933	NRP;Polyketide
1454001.SAMN02445085.JFAX01000001	BGC0001016	205306	263123	NRP;Polyketide
1454373.SAMN02671722.JFKE01000002	BGC0001017	322172	385798	NRP;Polyketide
1455061.SAMN02726339.JMFO01000003	BGC0001018	125494	159205	NRP;Polyketide
1457250.SAMD00019894.BBMO01000001	BGC0001019	968900	1026949	NRP;Polyketide
1457250.SAMD00019894.BBMO01000002	BGC0001020	604398	659096	NRP;Polyketide
1457250.SAMD00019894.BBMO01000003	BGC0001021	152448	176269	NRP;Polyketide
1457393.SAMN02614495.JEOA01000003	BGC0001022	155603	205339	NRP;Polyketide
1458985.SAMN05826283.CP017599	BGC0001023	3799522	3828633	NRP;Polyketide
1459636.SAMN03081530.CP007174	BGC0001024	1476989	1519592	NRP;Polyketide
1461259.SAMN02673066.JHBX01000104	BGC0001025	290291	373048	NRP;Polyketide
1461581.SAMEA2539499.LK391969	BGC0001026	1613530	1633348	NRP;Polyketide
1462526.SAMEA3139037.CCDP010000002	BGC0001027	498041	518551	NRP;Polyketide
1462526.SAMEA3139037.CCDP010000003	BGC0001028	229304	270293	NRP
1462527.SAMEA3139098.CCDM010000003	BGC0001029	317086	372594	NRP
1462747.SAMN02644973.CP007223	BGC0001030	906692	916950	NRP;Polyketide
1463825.SAMN02645207.JNXC01000008	BGC0001031	91165	168946	NRP;Polyketide
1463854.SAMN02645488.JOHT01000002	BGC0001032	165026	243492	NRP;Polyketide
1463900.SAMN02645518.JOIX01000001	BGC0001033	169665	228418	NRP;Polyketide
1463900.SAMN02645518.JOIX01000003	BGC0001034	52172	113657	NRP;Polyketide
1463901.SAMN02645519.JOIY01000014	BGC0001035	159259	275094	Other
1463902.SAMN02645483.JOHO01000001	BGC0001036	155851	229296	NRP;Polyketide
146817.SAMN04488502.FNHB01000002	BGC0001037	229584	248383	NRP;Polyketide
1469557.SAMN02665270.JSWF01000014	BGC0001038	161376	202806	NRP;Polyketide
1469607.SAMN00203911.KK073768	BGC0001039	2531561	2574009	NRP;Polyketide
1469647.SAMN05437217.MBTG01000012	BGC0001040	242395	349774	NRP;Polyketide
1471456.SAMN02671327.JFLG01000001	BGC0001041	152493	194503	NRP;Polyketide
1472767.SAMN04103130.CP013862	BGC0001042	1795470	1913842	NRP;Polyketide
147375.SAMN06281678.CP019687	BGC0001043	1809942	1826125	NRP;Polyketide
1477105.SAMN05003866.LXYE02000012	BGC0001044	153497	222180	NRP;Polyketide
1477437.SAMN05444682.FOQO01000009	BGC0001045	150773	205108	NRP;Polyketide
1478.SAMN03372368.CP011008	BGC0001046	2569430	2650324	NRP;Polyketide;Saccharide
1479235.SAMN02743353.KK366039	BGC0001047	1831719	1853838	NRP;Polyketide
1479485.SAMN02697214.JHEG02000048	BGC0001048	991173	1071331	NRP;Polyketide;Saccharide
1481893.SAMN05194549.MUHR01000001	BGC0001049	269057	290989	NRP;Polyketide
1481914.SAMD00017313.BBSC01000001	BGC0001050	373413	393143	NRP;Polyketide
1481914.SAMD00017313.BBSC01000003	BGC0001051	308283	390541	NRP;Polyketide
1482.SAMN05953463.CP017962	BGC0001052	1799182	1854704	NRP;Polyketide
1484053.SAMN05444274.FQUM01000001	BGC0001053	422359	505227	NRP;Polyketide
1485545.SAMN02745185.JQLW01000008	BGC0001054	123498	164807	NRP;Polyketide
1486859.SAMN05444273.FQUV01000002	BGC0001055	278851	363040	NRP;Polyketide
1486859.SAMN05444273.FQUV01000006	BGC0001056	133868	189006	NRP;Other;Polyketide
1487921.SAMN02726038.JMFY01000018	BGC0001057	179522	229515	NRP;Polyketide
1487953.SAMN02743038.KL662192	BGC0001058	676301	761074	NRP;Polyketide;Saccharide
1489064.SAMN03449751.LAQL01000008	BGC0001059	152638	218393	NRP;Polyketide
1495050.SAMN03351828.JYNS01000004	BGC0001060	119887	195935	Polyketide
1496689.SAMN03271689.JWSU01000006	BGC0001061	442856	495020	Polyketide;Saccharide
1497953.SAMN03842166.KQ959277	BGC0001062	177396	217231	Polyketide
1499681.SAMEA3141918.CDJG01000010	BGC0001063	247835	279476	NRP;Polyketide
1499681.SAMEA3141918.CDJG01000011	BGC0001064	247784	274003	Polyketide
1499683.SAMEA2602735.CCFF01000012	BGC0001065	140847	300319	Polyketide
1499684.SAMEA2697682.CCNP01000018	BGC0001066	782699	849305	Polyketide
1499685.SAMEA3479398.LN868935	BGC0001067	312038	347192	Polyketide;Terpene
1499688.SAMEA3402918.CVRB01000003	BGC0001068	496969	535977	Polyketide;Terpene
1499689.SAMEA2602741.CCFK01000004	BGC0001069	156836	253383	NRP;Polyketide
1499689.SAMEA2602741.CCFK01000007	BGC0001070	987412	1119954	NRP;Polyketide
1499966.SAMD00016904.DF820460	BGC0001071	345368	404688	Polyketide
1499967.SAMD00016905.DF820468	BGC0001072	192372	267751	Other;Polyketide;Saccharide
1499967.SAMD00016905.DF820469	BGC0001073	224907	307411	NRP;Polyketide
1499967.SAMD00016905.DF820473	BGC0001074	119974	161917	Polyketide;Saccharide
1500257.SAMN02787140.JQNM01000007	BGC0001075	177841	195366	Polyketide;Terpene
1500257.SAMN02787140.JQNM01000008	BGC0001076	166197	195906	Other
1500258.SAMN02787161.JUHJ01000009	BGC0001077	156734	163284	Polyketide;Terpene
1500259.SAMN02787134.JQLD01000008	BGC0001078	132994	160442	Polyketide;Terpene
1500280.SAMN02787102.KN549087	BGC0001079	323276	366686	Polyketide;Terpene
150056.SAMN06445341.MWJM01000002	BGC0001080	156123	173927	Other
1501269.SAMN02769563.CP007754	BGC0001081	948618	1024901	Alkaloid;Terpene
1502749.SAMN02799631.FPCB01000010	BGC0001082	136889	155698	Terpene
1502764.SAMN02799630.FPIU01000002	BGC0001083	309077	369234	Polyketide;Terpene
1502764.SAMN02799630.FPIU01000003	BGC0001084	260614	303070	Alkaloid;NRP;Terpene
1502764.SAMN02799630.FPIU01000005	BGC0001085	196534	207180	NRP;Terpene
1502850.SAMN02799681.JNFD01000021	BGC0001086	242509	260659	Saccharide;Terpene
1503961.SAMN05421736.FNPI01000001	BGC0001087	565468	581213	Saccharide;Terpene
1504319.SAMN02808668.JNSF01000008	BGC0001088	151234	207073	NRP;Polyketide
1504822.SAMEA2697683.CCNO01000015	BGC0001089	338949	411443	Other
1505.SAMD00066803.BDJI01000002	BGC0001090	1737963	1782610	NRP
1506585.SAMN02850020.JUHH01000001	BGC0001091	1269295	1348668	NRP;Polyketide
1506994.SAMN02841232.JNLQ01000002	BGC0001092	1598014	1670747	NRP;Polyketide
1508404.SAMN02870886.CP009416	BGC0001093	1703247	1788115	NRP;Polyketide
1511746.SAMN02866349.JOOI01000003	BGC0001094	143740	215154	NRP;Polyketide
1512.SAMEA3873034.FIZZ01000004	BGC0001095	158473	208015	NRP;Other
1512.SAMEA3873034.FIZZ01000005	BGC0001096	164573	259999	NRP;Polyketide
1513270.SAMN03840795.LFYV01000003	BGC0001098	135289	176888	NRP;Polyketide
1513468.SAMN03106102.JRWU01000002	BGC0001099	404331	481648	NRP;Polyketide
1513793.SAMN06296036.FWZT01000002	BGC0001100	218987	249947	NRP;Polyketide
1514904.SAMN03285044.JXMU01000002	BGC0001101	149065	284703	NRP;Polyketide
1515746.SAMN02887322.JPEO01000004	BGC0001102	135870	171618	NRP;Polyketide
1516104.SAMN06849078.NETJ01000003	BGC0001103	405518	452378	NRP;Polyketide
1517416.SAMN02910054.JPIN01000001	BGC0001104	269006	280487	NRP;Polyketide
1517416.SAMN02910054.JPIN01000005	BGC0001105	148461	184974	NRP;Polyketide
151894.SAMN04488524.FWXT01000001	BGC0001106	1685347	1813073	NRP;Polyketide
151894.SAMN04488524.FWXT01000003	BGC0001107	272337	303097	NRP;Polyketide
151894.SAMN04488524.FWXT01000004	BGC0001108	272516	348294	Polyketide
1519643.SAMN06295933.FWZU01000005	BGC0001109	239017	291676	NRP;Polyketide
1520820.SAMN02910301.FPAN01000004	BGC0001110	163940	235994	NRP;Polyketide
1520830.SAMN02910409.FPIT01000003	BGC0001111	216429	308647	NRP;Polyketide
1522309.SAMEA3305043.LN831057	BGC0001112	278745	360734	NRP;Polyketide
1522310.SAMEA3114260.CDGT01000020	BGC0001113	221548	314991	NRP;Polyketide
1522310.SAMEA3114260.CDGT01000024	BGC0001114	136472	222210	NRP;Polyketide
1522311.SAMEA2821746.CCYJ01000014	BGC0001115	150157	237010	NRP;Polyketide
1522317.SAMEA2821752.CCYM01000001	BGC0001116	152367	210366	NRP;Polyketide
1522317.SAMEA2821752.CCYM01000002	BGC0001117	523842	575263	NRP
152268.SAMN04631813.LWSG01000043	BGC0001118	142648	164039	Polyketide
1523413.SAMN02925435.LJHO01000001	BGC0001119	442721	515292	Polyketide
1523424.SAMN02927141.LJHW01000001	BGC0001120	129713	167409	NRP;Polyketide
1523428.SAMN02927146.LJIA01000002	BGC0001121	185548	195456	Polyketide
1524254.SAMN05356477.MASR01000002	BGC0001122	186268	229931	NRP;Polyketide
1524460.SAMN02929976.JPOS01000010	BGC0001123	169694	213437	NRP
1526.SAMN02910262.FOZC01000002	BGC0001125	160613	217342	NRP;Polyketide
1526658.SAMN05730837.CP017147	BGC0001126	3118935	3160680	Alkaloid;Terpene
1528.SAMN04488579.FNOU01000001	BGC0001127	124383	169645	NRP
1528100.SAMN02949497.FXAM01000003	BGC0001128	91360	107059	NRP
1538463.SAMN04312206.LOKT01000004	BGC0001132	152578	164995	NRP
1538553.SAMN02997349.CP014476	BGC0001133	2453669	2519557	NRP
1539051.SAMN02598725.JATM01000001	BGC0001134	323763	324489	Other
1539051.SAMN02598725.JATM01000004	BGC0001135	126389	143237	NRP
1539065.SAMN03002795.JQIS01000001	BGC0001136	213204	233351	NRP;Polyketide
154046.SAMEA3545258.CYZE01000001	BGC0001137	491210	509686	Alkaloid
154046.SAMEA3545258.CYZE01000008	BGC0001138	130844	170043	Other
1541065.SAMN03020304.JRFE01000022	BGC0001140	139747	180955	Terpene
1543721.SAMN03581174.CP011412	BGC0001141	1978532	2016195	Polyketide
1545443.SAMN03072810.KN676113	BGC0001142	2589663	2649361	NRP
1547922.SAMD00034998.BBYR01000006	BGC0001143	140865	181382	Polyketide
1548151.SAMN03075560.JRPB01000001	BGC0001144	506191	521392	Polyketide
1548749.SAMN03075687.JRWG01000001	BGC0001145	308196	323922	RiPP
1549748.SAMN03449748.LANI01000002	BGC0001146	272780	285278	RiPP
154981.SAMN03952659.LKBA01000004	BGC0001147	417966	454066	NRP
1549810.SAMN02950398.JPUG01000068	BGC0001148	143892	172819	NRP;RiPP
1550035.SAMD00020841.BBOM01000012	BGC0001149	102417	115203	NRP;Saccharide
1550091.SAMN03079345.JROE01000004	BGC0001150	409323	432760	Polyketide
1550091.SAMN03079345.JROE01000006	BGC0001151	212974	232910	Other
1550091.SAMN03079345.JROE01000007	BGC0001152	139200	171011	NRP
1550232.SAMN05660464.FOWQ01000003	BGC0001153	362179	403005	NRP
1550241.SAMN03083278.CP009961	BGC0001154	827714	844275	Other
1555112.SAMD00034894.AP014924	BGC0001155	1932004	1958291	RiPP
155974.SAMN04487818.FOGI01000012	BGC0001156	81756	117544	Terpene
1561.SAMN04262349.CP014204	BGC0001157	1441264	1458431	RiPP
1561203.SAMN03107786.JSEE01000002	BGC0001158	165259	179381	Polyketide
1561204.SAMN03107784.JSEP01000002	BGC0001159	244785	287868	NRP;Polyketide
1561204.SAMN03107784.JSEP01000008	BGC0001160	132176	140339	Polyketide
1561206.SAMN03107778.JSEN01000006	BGC0001161	122286	131447	Polyketide
1564506.SAMN04579687.CP015039	BGC0001162	1908356	1917704	Polyketide
1564956.SAMEA3645294.CZRP01000012	BGC0001163	500469	509768	Polyketide
1565129.SAMN03140421.JSFF01000003	BGC0001164	145946	154274	Polyketide
1565605.SAMN03144834.CP010554	BGC0001165	1427147	1514574	NRP;Polyketide
1566263.SAMN03159406.FOGR01000004	BGC0001166	357640	373264	NRP
1566278.SAMN03159341.FOTE01000009	BGC0001167	153085	162409	RiPP
1566279.SAMN03159358.FOIK01000002	BGC0001168	398641	403223	NRP
1566387.SAMN03219998.MDEO01000028	BGC0001169	132397	181557	Polyketide
1567107.SAMN03447299.LAQP01000013	BGC0001170	116432	124918	RiPP
1567108.SAMN04419563.LRML01000002	BGC0001171	237452	243344	RiPP
1567108.SAMN04419563.LRML01000003	BGC0001172	272887	315322	NRP;Polyketide
156994.SAMN04488028.FRAA01000001	BGC0001173	828926	838871	RiPP
156994.SAMN04488028.FRAA01000003	BGC0001174	247035	253087	RiPP
1570342.SAMD00022843.BBRJ01000002	BGC0001176	955027	959819	RiPP
1571.SAMN04623202.CP015207	BGC0001177	1616243	1652985	Polyketide
1572645.SAMN06109290.MRCI01000002	BGC0001178	162168	243076	NRP
1575.SAMN03197546.JVKI01000018	BGC0001179	167641	214179	Polyketide
1576369.SAMN05421753.FOQD01000001	BGC0001180	355423	366766	Other
1576369.SAMN05421753.FOQD01000002	BGC0001181	189047	191228	Terpene
1576369.SAMN05421753.FOQD01000004	BGC0001182	187377	223114	NRP;Polyketide
1577686.SAMN03495983.LBHJ01000002	BGC0001183	208732	360243	Polyketide
1577686.SAMN03495983.LBHJ01000004	BGC0001184	437816	445114	Other
1577905.SAMN03246068.JWLL01000001	BGC0001185	162182	173903	NRP
1577905.SAMN03246068.JWLL01000004	BGC0001186	116709	219747	Polyketide
1577905.SAMN03246068.JWLL01000005	BGC0001187	402026	414588	NRP;Polyketide
1579424.SAMN06174760.MSPR01000001	BGC0001188	140272	148743	RiPP
1581069.SAMN03436225.KV786211	BGC0001189	145821	187751	NRP
1581129.SAMN03434236.KV789039	BGC0001190	184685	237645	Polyketide
158190.SAMN02261363.CP003155	BGC0001191	1787943	1804469	Other
1582.SAMN03580836.LCUN01000023	BGC0001192	113162	154334	NRP
1584.SAMEA3986259.FLLT01000006	BGC0001193	519772	561106	NRP
1585697.SAMN03265469.JWIT01000008	BGC0001194	137258	209788	Polyketide
1587.SAMN03982146.CP012381	BGC0001195	1082185	1158887	NRP;Polyketide
1589.SAMN03785590.LFLY01000002	BGC0001196	332577	377773	NRP
1590651.SAMN03274189.JXAK01000001	BGC0001197	124432	137111	Polyketide
159292.SAMN05192546.FNPV01000003	BGC0001198	213392	216698	Terpene
159449.SAMN06459519.MWQN01000003	BGC0001199	370383	433783	Polyketide
159449.SAMN06459519.MWQN01000004	BGC0001200	329555	391572	Polyketide
159449.SAMN06459519.MWQN01000005	BGC0001201	134489	136780	Terpene
1601833.SAMN05518684.FOGT01000001	BGC0001202	190593	218323	NRP;Polyketide
1601833.SAMN05518684.FOGT01000002	BGC0001203	172855	210371	NRP;Polyketide
1601833.SAMN05518684.FOGT01000003	BGC0001204	167184	275409	Polyketide
1603038.SAMN03284651.JXQD01000025	BGC0001205	426015	473259	Polyketide
1603555.SAMN03286947.CP011097	BGC0001206	833945	845665	Other
1604354.SAMEA3220414.CDQL01000004	BGC0001207	179803	231838	NRP
1604354.SAMEA3220414.CDQL01000005	BGC0001208	170466	215071	NRP
1604354.SAMEA3220414.CDQL01000007	BGC0001209	200376	203889	RiPP
1604354.SAMEA3220414.CDQL01000008	BGC0001210	217491	226726	RiPP
160453.SAMN03267171.JXKO01000001	BGC0001211	228181	261844	NRP
160453.SAMN03267171.JXKO01000005	BGC0001212	116068	171290	NRP;Polyketide
160492.SAMN02603773.AE003849	BGC0001213	1373750	1419267	Polyketide
1605367.SAMN03940006.LGTQ01000013	BGC0001214	165045	212574	NRP
1608583.SAMEA3312815.CTEN01000002	BGC0001216	231716	256996	NRP;Polyketide
1608584.SAMEA3546016.CYUH01000015	BGC0001217	738094	739785	Other
1608910.SAMN04498895.KV837617	BGC0001218	152808	179206	NRP;Polyketide
1609966.SAMN03323603.CP010869	BGC0001219	1763806	1787306	Polyketide
1609977.SAMN03329624.CP010836	BGC0001220	2631238	2781238	NRP
1610489.SAMN06295981.FXAR01000002	BGC0001221	170305	194826	Other
1610491.SAMN03580769.LBNQ01000009	BGC0001222	125391	128928	RiPP
161355.SAMD00048613.BDCX01000006	BGC0001223	122898	132580	Other
161398.SAMN04259808.CP013188	BGC0001224	475717	485551	Other
1616.SAMN02797804.JQBP01000002	BGC0001225	154920	182274	NRP
1616823.SAMN03351980.JYII01000010	BGC0001226	343279	355315	RiPP
1616823.SAMN03351980.JYII01000012	BGC0001227	414866	427010	Terpene
1617448.SAMD00027151.AP014821	BGC0001229	1989986	1998617	RiPP
1618346.SAMN03319476.LBWX01000002	BGC0001230	144333	192546	NRP;Polyketide
1618709.SAMN03319376.LBTC01000002	BGC0001231	167524	229792	NRP;Polyketide
1619076.SAMN03319667.LCEG01000003	BGC0001232	147661	209454	Polyketide
1619077.SAMN03319238.LBNX01000002	BGC0001233	197200	269376	NRP
1619079.SAMN03319255.LBON01000002	BGC0001234	116293	148708	NRP
1619086.SAMN03319738.LCGZ01000001	BGC0001235	200776	251728	NRP;Polyketide
1619100.SAMN03319463.LBWK01000001	BGC0001236	275892	304949	Polyketide
1619100.SAMN03319463.LBWK01000002	BGC0001237	161842	183392	Polyketide
1619947.SAMN03340297.JYOE01000011	BGC0001238	135171	142198	Other
1619952.SAMN03340298.JYOD01000017	BGC0001239	133157	140185	Other
162.SAMEA3178919.CDNC01000012	BGC0001240	131862	160844	NRP
1621989.SAMN03372543.CP013015	BGC0001242	1253494	1276658	Polyketide
1622073.SAMEA3381202.LN849007	BGC0001243	1144332	1163236	Polyketide
1623448.SAMN03377046.CP011001	BGC0001244	648984	654342	Polyketide
1629708.SAMN03400142.LADR01000008	BGC0001245	275644	305716	Polyketide
1629708.SAMN03400142.LADR01000045	BGC0001246	124409	152837	Polyketide
1629715.SAMN03400145.LADP01000018	BGC0001247	162163	192993	Polyketide
1629719.SAMN03400150.LADT01000053	BGC0001248	137767	142067	Terpene
1630.SAMN05216514.FNZD01000001	BGC0001249	148842	154962	NRP
1630135.SAMN03774729.CP012117	BGC0001250	1155702	1169775	NRP
1630136.SAMN04247392.LNKT01000012	BGC0001251	146798	162231	NRP
1630693.SAMN03417852.CP011271	BGC0001252	4394923	4402881	Polyketide
1632858.SAMEA3312309.LN831786	BGC0001253	1070474	1116061	Polyketide
1632864.SAMN03417854.CP011270	BGC0001254	4192608	4200402	Polyketide
1635005.SAMN03447206.LAMX01000012	BGC0001255	126546	167845	NRP;Polyketide
1635278.SAMN03445151.LGFX01000001	BGC0001256	113524	120224	Other
1637999.SAMN03452270.CP011265	BGC0001257	1984389	1991938	Polyketide
1640516.SAMN03462098.LDXR01000002	BGC0001258	201700	216695	Polyketide
1641401.SAMN03470203.LDCM01000002	BGC0001259	279086	305601	Polyketide
1641875.SAMN03480902.LAXJ01000003	BGC0001260	272036	297036	Terpene
1642570.SAMN03485799.LAZU01000037	BGC0001261	226559	241462	NRP
1642818.SAMN04395152.LQRT01000024	BGC0001262	336457	368810	Polyketide
1645915.SAMN03494314.LBIP01000013	BGC0001263	991193	1003163	NRP
1647556.SAMN04192297.LLWC01000022	BGC0001264	369086	419087	Polyketide
1650663.SAMEA3673149.LN908960	BGC0001265	189694	199630	Polyketide
1650663.SAMEA3673149.LN908962	BGC0001266	266908	296907	Polyketide
1650663.SAMEA3673149.LN908964	BGC0001267	412677	449533	Terpene
165186.SAMEA3545392.FMGG01000002	BGC0001268	390593	403484	NRP;Polyketide
1653334.SAMN05428994.FMBM01000001	BGC0001269	650700	665444	Polyketide;Terpene
1654360.SAMN02729099.JMIB01000021	BGC0001270	115088	134464	Polyketide;Terpene
1658008.SAMEA3432782.CVRP01000001	BGC0001271	152674	186154	Polyketide
1658109.SAMEA3442603.LN852693	BGC0001272	251790	278305	Polyketide
1658109.SAMEA3442603.LN852696	BGC0001273	551414	556715	Polyketide
1658111.SAMEA3502534.LN876586	BGC0001274	510567	522230	Other
1659199.SAMN03737327.LFCO01000001	BGC0001275	138771	148722	Polyketide
1660.SAMN04166493.LLVT01000002	BGC0001276	293399	300987	Polyketide
1660144.SAMN03652517.MEGN01000001	BGC0001277	423140	480980	Terpene
1660144.SAMN03652517.MEGN01000003	BGC0001278	246293	300781	Terpene
1660160.SAMN03652429.MEDJ01000020	BGC0001279	143898	152619	Terpene
1661583.SAMN03743790.LDYB01000014	BGC0001280	167603	217604	Polyketide
1662421.SAMN04432128.LRUB01000011	BGC0001281	160379	505306	Polyketide
1662421.SAMN04432128.LRUB01000017	BGC0001282	225497	361731	Other
166314.SAMN02436260.CP006882	BGC0001283	1004144	1036499	Other
1665555.SAMN03763493.LPNY01000021	BGC0001284	136737	142029	Terpene
1665555.SAMN03763493.LPNY01000139	BGC0001285	242997	265797	Other
1666909.SAMN03785493.LIHN01000018	BGC0001286	149105	165286	Other
1666909.SAMN03785493.LIHN01000021	BGC0001287	130742	209523	Polyketide
1666911.SAMN03785498.LJZR01000001	BGC0001288	204502	353835	Polyketide
1666912.SAMN04386380.FBYC01000001	BGC0001289	286055	296698	RiPP
1666916.SAMN03785499.LJSV01000001	BGC0001290	194263	231687	NRP
1666916.SAMN03785499.LJSV01000002	BGC0001291	194874	203890	RiPP
1670619.SAMN03768409.LFVY01000005	BGC0001292	149359	187815	Other
1671645.SAMN03776770.LFSC01000009	BGC0001293	141509	191249	Polyketide
1671877.SAMN03777285.LFLB01000003	BGC0001294	147056	156075	Other
1672749.SAMN05832038.MKIO01000031	BGC0001295	196370	214524	Other
1673717.SAMEA3750678.LN868536	BGC0001296	369143	412878	Polyketide
1673718.SAMEA103984634.FXDJ01000008	BGC0001297	388346	443885	NRP
1673723.SAMEA3869489.FIZW01000001	BGC0001298	173409	214410	Polyketide
1674291.SAMN03785143.LFNE01000003	BGC0001299	221544	291880	Polyketide
1674809.SAMN03837491.LUYM01000030	BGC0001300	132947	192757	Polyketide
1674849.SAMN03837547.LVAQ01000013	BGC0001301	127226	180479	Polyketide
1674851.SAMN03837549.LVAS01000063	BGC0001302	178965	204651	Other
1674894.SAMN03837529.LUZY01000002	BGC0001303	138783	247455	Polyketide
167548.SAMN02769558.JNAO01000013	BGC0001304	192349	207443	Polyketide
1677858.SAMEA3539092.CYSP01000001	BGC0001305	172496	196749	Polyketide
1678128.SAMN03569611.CP011774	BGC0001306	1666169	1672578	RiPP
1678129.SAMN03569612.CP011834	BGC0001307	1415418	1419501	RiPP
1679166.SAMN04102801.LMTI01000004	BGC0001308	314136	358713	Polyketide
1679166.SAMN04102801.LMTI01000005	BGC0001309	266951	276239	Polyketide
1679169.SAMN03840768.LFZV01000001	BGC0001310	2089896	2092601	Terpene
1679489.SAMN04592497.LWHG01000029	BGC0001311	203434	218834	RiPP
1681.SAMN03271680.CP010412	BGC0001312	1136095	1179532	NRP
1684.SAMN03271968.KQ034040	BGC0001313	1127013	1215984	Terpene
1684141.SAMN03853465.LIGF01000001	BGC0001314	2113731	2160490	Terpene
1685377.SAMN04376035.LQBR01000003	BGC0001315	252440	287737	Terpene
1685377.SAMN04376035.LQBR01000004	BGC0001316	185606	595337	Other
1685378.SAMN04376033.LQBP01000002	BGC0001317	255579	533164	Terpene
1685379.SAMN04376034.LQBQ01000001	BGC0001318	444287	525281	Other
1685379.SAMN04376034.LQBQ01000023	BGC0001319	187509	8310128	Terpene
1686289.SAMEA3500982.LN874946	BGC0001320	386674	500973	Terpene
1686310.SAMN04505059.LXYT01000001	BGC0001321	772452	921818	Terpene
1689269.SAMEA3539502.LN881723	BGC0001322	562438	689947	Terpene
1689272.SAMEA3635090.LN898218	BGC0001323	140855	217668	Terpene
1689303.SAMEA3546014.CYUO01000005	BGC0001324	539316	646440	Terpene
168935.SAMN04332629.LPVY01000013	BGC0001325	171719	573047	Alkaloid
1691979.SAMN03894433.LGYU01000020	BGC0001333	114582	134600	Alkaloid
1692239.SAMN03941641.LGYE01000003	BGC0001334	228115	248892	Alkaloid
169430.SAMN05192544.FNXA01000004	BGC0001335	154414	180537	Alkaloid
169430.SAMN05192544.FNXA01000006	BGC0001336	125346	137966	Alkaloid
1697.SAMN06298555.CP019705	BGC0001337	1339719	1362252	Alkaloid
1698521.SAMN03956932.LUTV01000003	BGC0001338	371087	413900	Polyketide
1699624.SAMN03975702.CP012533	BGC0001339	1671559	1741259	Polyketide
1700845.SAMN03978777.LIGP01000002	BGC0001340	322334	374880	Polyketide
1703341.SAMN05176186.LYWY01000040	BGC0001342	181901	263646	NRP;Polyketide
1703345.SAMN04590022.LVYD01000013	BGC0001343	218147	237496	Polyketide
1703345.SAMN04590022.LVYD01000043	BGC0001344	187701	239214	NRP;Polyketide
1703345.SAMN04590022.LVYD01000113	BGC0001345	139130	158783	NRP
1705394.SAMN03280981.CP010552	BGC0001346	760898	795577	NRP
170651.SAMN03323927.JXXU01000048	BGC0001347	142018	181963	NRP
1707785.SAMN04017855.CP012640	BGC0001348	2909621	2980422	Polyketide
1708715.SAMN02597177.AZNX01000009	BGC0001349	121928	206523	NRP;Polyketide
1709001.SAMN06172149.MSIG01000001	BGC0001350	300606	399665	Polyketide
1709001.SAMN06172149.MSIG01000007	BGC0001351	108148	155039	NRP
171194.SAMN03084320.JSVU01000001	BGC0001352	288777	338709	NRP;Polyketide
171383.SAMN03951930.LHPI01000004	BGC0001353	151813	167629	NRP;Polyketide
1714355.SAMN06134625.MSFI01000001	BGC0001354	155861	185227	NRP;Polyketide
1715691.SAMEA3542138.CYTO01000004	BGC0001355	166644	197099	NRP;Polyketide
1715693.SAMEA3542137.CYTW01000004	BGC0001356	205463	211164	RiPP
1716143.SAMN04440740.CP014206	BGC0001357	1985061	2011993	Polyketide
1716176.SAMN04088201.LJTD01000003	BGC0001358	254003	353578	Polyketide
1716176.SAMN04088201.LJTD01000005	BGC0001359	124114	295618	Polyketide
1718998.SAMN04857230.LWLE01000012	BGC0001360	162791	185966	Polyketide
1720200.SAMEA3907616.FKLA01000009	BGC0001361	1139753	1144333	Terpene
1720317.SAMEA4555320.LT635552	BGC0001363	183929	227137	NRP;Polyketide
1720317.SAMEA4555320.LT635553	BGC0001364	914318	931908	RiPP
1723382.SAMEA4555319.LT635493	BGC0001365	582689	606473	NRP
1729690.SAMN04102797.LMXH01000001	BGC0001366	952136	967598	Polyketide
1729690.SAMN04102797.LMXH01000005	BGC0001367	155633	195353	NRP;Polyketide
1729720.SAMN04116623.CP012872	BGC0001368	2010932	2053069	NRP
1735162.SAMN03842446.CP013063	BGC0001369	617829	648755	Polyketide
1735682.SAMN04151684.LMKK01000003	BGC0001370	386224	466100	NRP
1735684.SAMN04151685.LMKM01000023	BGC0001371	273970	330601	NRP
1735690.SAMN04151588.LMKS01000016	BGC0001372	123297	176902	Terpene
1735695.SAMN04151591.LMKX01000007	BGC0001373	434924	552145	Polyketide
1736209.SAMN04151574.LMRH01000003	BGC0001374	450451	467701	Other
1736214.SAMN04151594.LMLA01000008	BGC0001375	191819	204656	Terpene
1736218.SAMN04151598.LMLE01000011	BGC0001376	221892	257737	Polyketide
1736223.SAMN04151603.LMLI01000019	BGC0001377	170882	215883	Polyketide
1736225.SAMN04151605.LMLK01000022	BGC0001378	282063	332057	Polyketide
1736234.SAMN04151614.LMLV01000031	BGC0001379	152734	186309	NRP
1736234.SAMN04151614.LMLV01000033	BGC0001380	165619	185265	Saccharide
1736295.SAMN04151675.LMPS01000004	BGC0001381	626957	837260	Polyketide
1736295.SAMN04151675.LMPS01000005	BGC0001382	453370	494518	NRP;Polyketide
1736295.SAMN04151675.LMPS01000006	BGC0001383	347288	402638	Polyketide
1736300.SAMN04151688.LMRN01000007	BGC0001384	326413	370561	Polyketide
1736300.SAMN04151688.LMRN01000009	BGC0001385	449322	501868	Polyketide
1736301.SAMN04151691.LMLS01000003	BGC0001386	199799	225400	Polyketide
1736318.SAMN04151708.LMNA01000027	BGC0001387	181860	211618	Other
1736338.SAMN04151728.LMOM01000032	BGC0001388	217610	223798	RiPP
1736338.SAMN04151728.LMOM01000043	BGC0001389	134647	219407	NRP
1736349.SAMN04151739.LMPL01000002	BGC0001390	345243	364988	NRP;Polyketide
1736349.SAMN04151739.LMPL01000003	BGC0001391	323642	334035	RiPP
1736351.SAMN04151741.LMPW01000001	BGC0001392	271871	293797	RiPP
1736351.SAMN04151741.LMPW01000011	BGC0001393	169086	199870	NRP
1736351.SAMN04151741.LMPW01000013	BGC0001394	215046	271287	NRP;Polyketide
1736360.SAMN04151750.LMQG01000039	BGC0001395	169371	194091	Other
1736362.SAMN04151752.LMQI01000003	BGC0001396	342321	424083	Polyketide
1736362.SAMN04151752.LMQI01000004	BGC0001397	309778	382454	NRP;Polyketide
1736370.SAMN04151760.LMQP01000001	BGC0001398	436078	463912	RiPP
1736375.SAMN04151765.LMQW01000034	BGC0001399	183690	196949	NRP
1736375.SAMN04151765.LMQW01000051	BGC0001400	212713	228179	Polyketide
1736381.SAMN04151771.LMQT01000019	BGC0001401	212630	221464	Polyketide
1736381.SAMN04151771.LMQT01000021	BGC0001402	123181	161606	NRP
1736398.SAMN04155663.LMSD01000023	BGC0001403	328679	354390	Polyketide
1736410.SAMN04155675.LMSO01000008	BGC0001404	144190	172948	Polyketide
1736411.SAMN04155676.LMSP01000012	BGC0001405	329592	389102	Polyketide
1736433.SAMN04155702.LMDI01000005	BGC0001406	135534	217669	NRP
1736445.SAMN04155714.LMEE01000002	BGC0001407	533957	544759	RiPP
1736456.SAMN04155725.LMEY01000028	BGC0001408	158044	168342	Other
1736471.SAMN04155740.LMFZ01000048	BGC0001409	167731	226946	Polyketide
1736473.SAMN04155742.LMGD01000020	BGC0001410	322668	339460	Saccharide
1736473.SAMN04155742.LMGD01000021	BGC0001411	277060	311568	Saccharide
1736474.SAMN04155743.LMGF01000003	BGC0001412	839754	864208	Saccharide
1736487.SAMN04155756.LMHZ01000001	BGC0001413	158377	210458	NRP
1736487.SAMN04155756.LMHZ01000056	BGC0001414	176628	243493	NRP
1736487.SAMN04155756.LMHZ01000067	BGC0001415	144326	174614	NRP
1736496.SAMN04155765.LMIO01000001	BGC0001416	550465	665536	NRP
